latitude,longitude,time,genus,common_name,species,event_id,workgroup,topp_id,deploy_year,time_coverage_start,time_coverage_end,,month
30.18,-117.28,2004-08-21T00:00:00Z,Thunnus,Albacore Tuna,alalunga,120404300,Fish,1204043,2004,2004-08-21T00:00:00Z,2006-04-11T00:00:00Z,,August
30.059998,-117.35,2004-08-22T00:00:00Z,Thunnus,Albacore Tuna,alalunga,120404300,Fish,1204043,2004,2004-08-21T00:00:00Z,2006-04-11T00:00:00Z,,August
29.870003,-117.46,2004-08-23T00:00:00Z,Thunnus,Albacore Tuna,alalunga,120404300,Fish,1204043,2004,2004-08-21T00:00:00Z,2006-04-11T00:00:00Z,,August
29.669998,-117.58,2004-08-24T00:00:00Z,Thunnus,Albacore Tuna,alalunga,120404300,Fish,1204043,2004,2004-08-21T00:00:00Z,2006-04-11T00:00:00Z,,August
29.46,-117.66,2004-08-25T00:00:00Z,Thunnus,Albacore Tuna,alalunga,120404300,Fish,1204043,2004,2004-08-21T00:00:00Z,2006-04-11T00:00:00Z,,August
29.29,-117.69,2004-08-26T00:00:00Z,Thunnus,Albacore Tuna,alalunga,120404300,Fish,1204043,2004,2004-08-21T00:00:00Z,2006-04-11T00:00:00Z,,August
29.150002,-117.66,2004-08-27T00:00:00Z,Thunnus,Albacore Tuna,alalunga,120404300,Fish,1204043,2004,2004-08-21T00:00:00Z,2006-04-11T00:00:00Z,,August
29.04,-117.62,2004-08-28T00:00:00Z,Thunnus,Albacore Tuna,alalunga,120404300,Fish,1204043,2004,2004-08-21T00:00:00Z,2006-04-11T00:00:00Z,,August
28.970001,-117.57,2004-08-29T00:00:00Z,Thunnus,Albacore Tuna,alalunga,120404300,Fish,1204043,2004,2004-08-21T00:00:00Z,2006-04-11T00:00:00Z,,August
28.919998,-117.56,2004-08-30T00:00:00Z,Thunnus,Albacore Tuna,alalunga,120404300,Fish,1204043,2004,2004-08-21T00:00:00Z,2006-04-11T00:00:00Z,,August
28.870003,-117.59,2004-08-31T00:00:00Z,Thunnus,Albacore Tuna,alalunga,120404300,Fish,1204043,2004,2004-08-21T00:00:00Z,2006-04-11T00:00:00Z,,August
28.809998,-117.64,2004-09-01T00:00:00Z,Thunnus,Albacore Tuna,alalunga,120404300,Fish,1204043,2004,2004-08-21T00:00:00Z,2006-04-11T00:00:00Z,,September
28.770004,-117.68,2004-09-02T00:00:00Z,Thunnus,Albacore Tuna,alalunga,120404300,Fish,1204043,2004,2004-08-21T00:00:00Z,2006-04-11T00:00:00Z,,September
28.739998,-117.72,2004-09-03T00:00:00Z,Thunnus,Albacore Tuna,alalunga,120404300,Fish,1204043,2004,2004-08-21T00:00:00Z,2006-04-11T00:00:00Z,,September
28.760002,-117.79,2004-09-04T00:00:00Z,Thunnus,Albacore Tuna,alalunga,120404300,Fish,1204043,2004,2004-08-21T00:00:00Z,2006-04-11T00:00:00Z,,September
28.809998,-117.91,2004-09-05T00:00:00Z,Thunnus,Albacore Tuna,alalunga,120404300,Fish,1204043,2004,2004-08-21T00:00:00Z,2006-04-11T00:00:00Z,,September
28.879997,-118.14,2004-09-06T00:00:00Z,Thunnus,Albacore Tuna,alalunga,120404300,Fish,1204043,2004,2004-08-21T00:00:00Z,2006-04-11T00:00:00Z,,September
28.96,-118.49,2004-09-07T00:00:00Z,Thunnus,Albacore Tuna,alalunga,120404300,Fish,1204043,2004,2004-08-21T00:00:00Z,2006-04-11T00:00:00Z,,September
29.059998,-118.95,2004-09-08T00:00:00Z,Thunnus,Albacore Tuna,alalunga,120404300,Fish,1204043,2004,2004-08-21T00:00:00Z,2006-04-11T00:00:00Z,,September
29.160004,-119.47,2004-09-09T00:00:00Z,Thunnus,Albacore Tuna,alalunga,120404300,Fish,1204043,2004,2004-08-21T00:00:00Z,2006-04-11T00:00:00Z,,September
29.309998,-119.95,2004-09-10T00:00:00Z,Thunnus,Albacore Tuna,alalunga,120404300,Fish,1204043,2004,2004-08-21T00:00:00Z,2006-04-11T00:00:00Z,,September
29.510002,-120.35,2004-09-11T00:00:00Z,Thunnus,Albacore Tuna,alalunga,120404300,Fish,1204043,2004,2004-08-21T00:00:00Z,2006-04-11T00:00:00Z,,September
29.800003,-120.66,2004-09-12T00:00:00Z,Thunnus,Albacore Tuna,alalunga,120404300,Fish,1204043,2004,2004-08-21T00:00:00Z,2006-04-11T00:00:00Z,,September
30.169998,-120.9,2004-09-13T00:00:00Z,Thunnus,Albacore Tuna,alalunga,120404300,Fish,1204043,2004,2004-08-21T00:00:00Z,2006-04-11T00:00:00Z,,September
30.64,-121.07,2004-09-14T00:00:00Z,Thunnus,Albacore Tuna,alalunga,120404300,Fish,1204043,2004,2004-08-21T00:00:00Z,2006-04-11T00:00:00Z,,September
31.169998,-121.2,2004-09-15T00:00:00Z,Thunnus,Albacore Tuna,alalunga,120404300,Fish,1204043,2004,2004-08-21T00:00:00Z,2006-04-11T00:00:00Z,,September
31.729996,-121.28,2004-09-16T00:00:00Z,Thunnus,Albacore Tuna,alalunga,120404300,Fish,1204043,2004,2004-08-21T00:00:00Z,2006-04-11T00:00:00Z,,September
32.259995,-121.36,2004-09-17T00:00:00Z,Thunnus,Albacore Tuna,alalunga,120404300,Fish,1204043,2004,2004-08-21T00:00:00Z,2006-04-11T00:00:00Z,,September
32.699997,-121.42,2004-09-18T00:00:00Z,Thunnus,Albacore Tuna,alalunga,120404300,Fish,1204043,2004,2004-08-21T00:00:00Z,2006-04-11T00:00:00Z,,September
33.020004,-121.45,2004-09-19T00:00:00Z,Thunnus,Albacore Tuna,alalunga,120404300,Fish,1204043,2004,2004-08-21T00:00:00Z,2006-04-11T00:00:00Z,,September
33.22,-121.38,2004-09-20T00:00:00Z,Thunnus,Albacore Tuna,alalunga,120404300,Fish,1204043,2004,2004-08-21T00:00:00Z,2006-04-11T00:00:00Z,,September
33.300003,-121.25,2004-09-21T00:00:00Z,Thunnus,Albacore Tuna,alalunga,120404300,Fish,1204043,2004,2004-08-21T00:00:00Z,2006-04-11T00:00:00Z,,September
33.270004,-121.1,2004-09-22T00:00:00Z,Thunnus,Albacore Tuna,alalunga,120404300,Fish,1204043,2004,2004-08-21T00:00:00Z,2006-04-11T00:00:00Z,,September
33.160004,-120.92,2004-09-23T00:00:00Z,Thunnus,Albacore Tuna,alalunga,120404300,Fish,1204043,2004,2004-08-21T00:00:00Z,2006-04-11T00:00:00Z,,September
32.990005,-120.75,2004-09-24T00:00:00Z,Thunnus,Albacore Tuna,alalunga,120404300,Fish,1204043,2004,2004-08-21T00:00:00Z,2006-04-11T00:00:00Z,,September
32.78,-120.59,2004-09-25T00:00:00Z,Thunnus,Albacore Tuna,alalunga,120404300,Fish,1204043,2004,2004-08-21T00:00:00Z,2006-04-11T00:00:00Z,,September
32.54,-120.45,2004-09-26T00:00:00Z,Thunnus,Albacore Tuna,alalunga,120404300,Fish,1204043,2004,2004-08-21T00:00:00Z,2006-04-11T00:00:00Z,,September
32.29,-120.34,2004-09-27T00:00:00Z,Thunnus,Albacore Tuna,alalunga,120404300,Fish,1204043,2004,2004-08-21T00:00:00Z,2006-04-11T00:00:00Z,,September
32.03,-120.3,2004-09-28T00:00:00Z,Thunnus,Albacore Tuna,alalunga,120404300,Fish,1204043,2004,2004-08-21T00:00:00Z,2006-04-11T00:00:00Z,,September
31.779999,-120.32,2004-09-29T00:00:00Z,Thunnus,Albacore Tuna,alalunga,120404300,Fish,1204043,2004,2004-08-21T00:00:00Z,2006-04-11T00:00:00Z,,September
31.580002,-120.33,2004-09-30T00:00:00Z,Thunnus,Albacore Tuna,alalunga,120404300,Fish,1204043,2004,2004-08-21T00:00:00Z,2006-04-11T00:00:00Z,,September
31.419998,-120.3,2004-10-01T00:00:00Z,Thunnus,Albacore Tuna,alalunga,120404300,Fish,1204043,2004,2004-08-21T00:00:00Z,2006-04-11T00:00:00Z,,October
31.32,-120.24,2004-10-02T00:00:00Z,Thunnus,Albacore Tuna,alalunga,120404300,Fish,1204043,2004,2004-08-21T00:00:00Z,2006-04-11T00:00:00Z,,October
31.279999,-120.16,2004-10-03T00:00:00Z,Thunnus,Albacore Tuna,alalunga,120404300,Fish,1204043,2004,2004-08-21T00:00:00Z,2006-04-11T00:00:00Z,,October
31.300003,-120.08,2004-10-04T00:00:00Z,Thunnus,Albacore Tuna,alalunga,120404300,Fish,1204043,2004,2004-08-21T00:00:00Z,2006-04-11T00:00:00Z,,October
31.339996,-120.03,2004-10-05T00:00:00Z,Thunnus,Albacore Tuna,alalunga,120404300,Fish,1204043,2004,2004-08-21T00:00:00Z,2006-04-11T00:00:00Z,,October
31.410004,-120.01,2004-10-06T00:00:00Z,Thunnus,Albacore Tuna,alalunga,120404300,Fish,1204043,2004,2004-08-21T00:00:00Z,2006-04-11T00:00:00Z,,October
31.449997,-120.04,2004-10-07T00:00:00Z,Thunnus,Albacore Tuna,alalunga,120404300,Fish,1204043,2004,2004-08-21T00:00:00Z,2006-04-11T00:00:00Z,,October
31.470001,-120.11,2004-10-08T00:00:00Z,Thunnus,Albacore Tuna,alalunga,120404300,Fish,1204043,2004,2004-08-21T00:00:00Z,2006-04-11T00:00:00Z,,October
31.470001,-120.19,2004-10-09T00:00:00Z,Thunnus,Albacore Tuna,alalunga,120404300,Fish,1204043,2004,2004-08-21T00:00:00Z,2006-04-11T00:00:00Z,,October
31.449997,-120.26,2004-10-10T00:00:00Z,Thunnus,Albacore Tuna,alalunga,120404300,Fish,1204043,2004,2004-08-21T00:00:00Z,2006-04-11T00:00:00Z,,October
31.410004,-120.32,2004-10-11T00:00:00Z,Thunnus,Albacore Tuna,alalunga,120404300,Fish,1204043,2004,2004-08-21T00:00:00Z,2006-04-11T00:00:00Z,,October
31.36,-120.36,2004-10-12T00:00:00Z,Thunnus,Albacore Tuna,alalunga,120404300,Fish,1204043,2004,2004-08-21T00:00:00Z,2006-04-11T00:00:00Z,,October
31.309998,-120.32,2004-10-13T00:00:00Z,Thunnus,Albacore Tuna,alalunga,120404300,Fish,1204043,2004,2004-08-21T00:00:00Z,2006-04-11T00:00:00Z,,October
31.260002,-120.23,2004-10-14T00:00:00Z,Thunnus,Albacore Tuna,alalunga,120404300,Fish,1204043,2004,2004-08-21T00:00:00Z,2006-04-11T00:00:00Z,,October
31.220001,-120.13,2004-10-15T00:00:00Z,Thunnus,Albacore Tuna,alalunga,120404300,Fish,1204043,2004,2004-08-21T00:00:00Z,2006-04-11T00:00:00Z,,October
31.239998,-120.03,2004-10-16T00:00:00Z,Thunnus,Albacore Tuna,alalunga,120404300,Fish,1204043,2004,2004-08-21T00:00:00Z,2006-04-11T00:00:00Z,,October
31.29,-120.01,2004-10-17T00:00:00Z,Thunnus,Albacore Tuna,alalunga,120404300,Fish,1204043,2004,2004-08-21T00:00:00Z,2006-04-11T00:00:00Z,,October
31.370003,-120.1,2004-10-18T00:00:00Z,Thunnus,Albacore Tuna,alalunga,120404300,Fish,1204043,2004,2004-08-21T00:00:00Z,2006-04-11T00:00:00Z,,October
31.440002,-120.27,2004-10-19T00:00:00Z,Thunnus,Albacore Tuna,alalunga,120404300,Fish,1204043,2004,2004-08-21T00:00:00Z,2006-04-11T00:00:00Z,,October
31.5,-120.48,2004-10-20T00:00:00Z,Thunnus,Albacore Tuna,alalunga,120404300,Fish,1204043,2004,2004-08-21T00:00:00Z,2006-04-11T00:00:00Z,,October
31.529999,-120.65,2004-10-21T00:00:00Z,Thunnus,Albacore Tuna,alalunga,120404300,Fish,1204043,2004,2004-08-21T00:00:00Z,2006-04-11T00:00:00Z,,October
31.529999,-120.77,2004-10-22T00:00:00Z,Thunnus,Albacore Tuna,alalunga,120404300,Fish,1204043,2004,2004-08-21T00:00:00Z,2006-04-11T00:00:00Z,,October
31.489998,-120.82,2004-10-23T00:00:00Z,Thunnus,Albacore Tuna,alalunga,120404300,Fish,1204043,2004,2004-08-21T00:00:00Z,2006-04-11T00:00:00Z,,October
31.449997,-120.82,2004-10-24T00:00:00Z,Thunnus,Albacore Tuna,alalunga,120404300,Fish,1204043,2004,2004-08-21T00:00:00Z,2006-04-11T00:00:00Z,,October
31.43,-120.76,2004-10-25T00:00:00Z,Thunnus,Albacore Tuna,alalunga,120404300,Fish,1204043,2004,2004-08-21T00:00:00Z,2006-04-11T00:00:00Z,,October
31.440002,-120.66,2004-10-26T00:00:00Z,Thunnus,Albacore Tuna,alalunga,120404300,Fish,1204043,2004,2004-08-21T00:00:00Z,2006-04-11T00:00:00Z,,October
31.470001,-120.53,2004-10-27T00:00:00Z,Thunnus,Albacore Tuna,alalunga,120404300,Fish,1204043,2004,2004-08-21T00:00:00Z,2006-04-11T00:00:00Z,,October
31.520004,-120.41,2004-10-28T00:00:00Z,Thunnus,Albacore Tuna,alalunga,120404300,Fish,1204043,2004,2004-08-21T00:00:00Z,2006-04-11T00:00:00Z,,October
31.54,-120.27,2004-10-29T00:00:00Z,Thunnus,Albacore Tuna,alalunga,120404300,Fish,1204043,2004,2004-08-21T00:00:00Z,2006-04-11T00:00:00Z,,October
31.510002,-120.04,2004-10-30T00:00:00Z,Thunnus,Albacore Tuna,alalunga,120404300,Fish,1204043,2004,2004-08-21T00:00:00Z,2006-04-11T00:00:00Z,,October
31.419998,-119.77,2004-10-31T00:00:00Z,Thunnus,Albacore Tuna,alalunga,120404300,Fish,1204043,2004,2004-08-21T00:00:00Z,2006-04-11T00:00:00Z,,October
31.260002,-119.47,2004-11-01T00:00:00Z,Thunnus,Albacore Tuna,alalunga,120404300,Fish,1204043,2004,2004-08-21T00:00:00Z,2006-04-11T00:00:00Z,,November
31.020004,-119.16,2004-11-02T00:00:00Z,Thunnus,Albacore Tuna,alalunga,120404300,Fish,1204043,2004,2004-08-21T00:00:00Z,2006-04-11T00:00:00Z,,November
30.71,-118.85,2004-11-03T00:00:00Z,Thunnus,Albacore Tuna,alalunga,120404300,Fish,1204043,2004,2004-08-21T00:00:00Z,2006-04-11T00:00:00Z,,November
30.370003,-118.57,2004-11-04T00:00:00Z,Thunnus,Albacore Tuna,alalunga,120404300,Fish,1204043,2004,2004-08-21T00:00:00Z,2006-04-11T00:00:00Z,,November
30.020004,-118.35,2004-11-05T00:00:00Z,Thunnus,Albacore Tuna,alalunga,120404300,Fish,1204043,2004,2004-08-21T00:00:00Z,2006-04-11T00:00:00Z,,November
29.68,-118.2,2004-11-06T00:00:00Z,Thunnus,Albacore Tuna,alalunga,120404300,Fish,1204043,2004,2004-08-21T00:00:00Z,2006-04-11T00:00:00Z,,November
29.36,-118.1,2004-11-07T00:00:00Z,Thunnus,Albacore Tuna,alalunga,120404300,Fish,1204043,2004,2004-08-21T00:00:00Z,2006-04-11T00:00:00Z,,November
29.089996,-118.05,2004-11-08T00:00:00Z,Thunnus,Albacore Tuna,alalunga,120404300,Fish,1204043,2004,2004-08-21T00:00:00Z,2006-04-11T00:00:00Z,,November
28.879997,-118.05,2004-11-09T00:00:00Z,Thunnus,Albacore Tuna,alalunga,120404300,Fish,1204043,2004,2004-08-21T00:00:00Z,2006-04-11T00:00:00Z,,November
28.720001,-118.05,2004-11-10T00:00:00Z,Thunnus,Albacore Tuna,alalunga,120404300,Fish,1204043,2004,2004-08-21T00:00:00Z,2006-04-11T00:00:00Z,,November
28.629997,-118.06,2004-11-11T00:00:00Z,Thunnus,Albacore Tuna,alalunga,120404300,Fish,1204043,2004,2004-08-21T00:00:00Z,2006-04-11T00:00:00Z,,November
28.589996,-118.04,2004-11-12T00:00:00Z,Thunnus,Albacore Tuna,alalunga,120404300,Fish,1204043,2004,2004-08-21T00:00:00Z,2006-04-11T00:00:00Z,,November
28.589996,-117.98,2004-11-13T00:00:00Z,Thunnus,Albacore Tuna,alalunga,120404300,Fish,1204043,2004,2004-08-21T00:00:00Z,2006-04-11T00:00:00Z,,November
28.629997,-117.89,2004-11-14T00:00:00Z,Thunnus,Albacore Tuna,alalunga,120404300,Fish,1204043,2004,2004-08-21T00:00:00Z,2006-04-11T00:00:00Z,,November
28.71,-117.81,2004-11-15T00:00:00Z,Thunnus,Albacore Tuna,alalunga,120404300,Fish,1204043,2004,2004-08-21T00:00:00Z,2006-04-11T00:00:00Z,,November
28.800003,-117.73,2004-11-16T00:00:00Z,Thunnus,Albacore Tuna,alalunga,120404300,Fish,1204043,2004,2004-08-21T00:00:00Z,2006-04-11T00:00:00Z,,November
28.89,-117.67,2004-11-17T00:00:00Z,Thunnus,Albacore Tuna,alalunga,120404300,Fish,1204043,2004,2004-08-21T00:00:00Z,2006-04-11T00:00:00Z,,November
28.96,-117.62,2004-11-18T00:00:00Z,Thunnus,Albacore Tuna,alalunga,120404300,Fish,1204043,2004,2004-08-21T00:00:00Z,2006-04-11T00:00:00Z,,November
29.010002,-117.56,2004-11-19T00:00:00Z,Thunnus,Albacore Tuna,alalunga,120404300,Fish,1204043,2004,2004-08-21T00:00:00Z,2006-04-11T00:00:00Z,,November
29,-117.47,2004-11-20T00:00:00Z,Thunnus,Albacore Tuna,alalunga,120404300,Fish,1204043,2004,2004-08-21T00:00:00Z,2006-04-11T00:00:00Z,,November
28.940002,-117.36,2004-11-21T00:00:00Z,Thunnus,Albacore Tuna,alalunga,120404300,Fish,1204043,2004,2004-08-21T00:00:00Z,2006-04-11T00:00:00Z,,November
28.830002,-117.26,2004-11-22T00:00:00Z,Thunnus,Albacore Tuna,alalunga,120404300,Fish,1204043,2004,2004-08-21T00:00:00Z,2006-04-11T00:00:00Z,,November
28.699997,-117.19,2004-11-23T00:00:00Z,Thunnus,Albacore Tuna,alalunga,120404300,Fish,1204043,2004,2004-08-21T00:00:00Z,2006-04-11T00:00:00Z,,November
28.559998,-117.16,2004-11-24T00:00:00Z,Thunnus,Albacore Tuna,alalunga,120404300,Fish,1204043,2004,2004-08-21T00:00:00Z,2006-04-11T00:00:00Z,,November
28.419998,-117.18,2004-11-25T00:00:00Z,Thunnus,Albacore Tuna,alalunga,120404300,Fish,1204043,2004,2004-08-21T00:00:00Z,2006-04-11T00:00:00Z,,November
28.279999,-117.22,2004-11-26T00:00:00Z,Thunnus,Albacore Tuna,alalunga,120404300,Fish,1204043,2004,2004-08-21T00:00:00Z,2006-04-11T00:00:00Z,,November
28.120003,-117.26,2004-11-27T00:00:00Z,Thunnus,Albacore Tuna,alalunga,120404300,Fish,1204043,2004,2004-08-21T00:00:00Z,2006-04-11T00:00:00Z,,November
27.96,-117.3,2004-11-28T00:00:00Z,Thunnus,Albacore Tuna,alalunga,120404300,Fish,1204043,2004,2004-08-21T00:00:00Z,2006-04-11T00:00:00Z,,November
27.779999,-117.36,2004-11-29T00:00:00Z,Thunnus,Albacore Tuna,alalunga,120404300,Fish,1204043,2004,2004-08-21T00:00:00Z,2006-04-11T00:00:00Z,,November
27.57,-117.41,2004-11-30T00:00:00Z,Thunnus,Albacore Tuna,alalunga,120404300,Fish,1204043,2004,2004-08-21T00:00:00Z,2006-04-11T00:00:00Z,,November
27.339996,-117.43,2004-12-01T00:00:00Z,Thunnus,Albacore Tuna,alalunga,120404300,Fish,1204043,2004,2004-08-21T00:00:00Z,2006-04-11T00:00:00Z,,December
27.089996,-117.44,2004-12-02T00:00:00Z,Thunnus,Albacore Tuna,alalunga,120404300,Fish,1204043,2004,2004-08-21T00:00:00Z,2006-04-11T00:00:00Z,,December
26.849998,-117.46,2004-12-03T00:00:00Z,Thunnus,Albacore Tuna,alalunga,120404300,Fish,1204043,2004,2004-08-21T00:00:00Z,2006-04-11T00:00:00Z,,December
26.68,-117.44,2004-12-04T00:00:00Z,Thunnus,Albacore Tuna,alalunga,120404300,Fish,1204043,2004,2004-08-21T00:00:00Z,2006-04-11T00:00:00Z,,December
26.61,-117.32,2004-12-05T00:00:00Z,Thunnus,Albacore Tuna,alalunga,120404300,Fish,1204043,2004,2004-08-21T00:00:00Z,2006-04-11T00:00:00Z,,December
26.650002,-117.1,2004-12-06T00:00:00Z,Thunnus,Albacore Tuna,alalunga,120404300,Fish,1204043,2004,2004-08-21T00:00:00Z,2006-04-11T00:00:00Z,,December
26.779999,-116.83,2004-12-07T00:00:00Z,Thunnus,Albacore Tuna,alalunga,120404300,Fish,1204043,2004,2004-08-21T00:00:00Z,2006-04-11T00:00:00Z,,December
26.949997,-116.56,2004-12-08T00:00:00Z,Thunnus,Albacore Tuna,alalunga,120404300,Fish,1204043,2004,2004-08-21T00:00:00Z,2006-04-11T00:00:00Z,,December
27.14,-116.36,2004-12-09T00:00:00Z,Thunnus,Albacore Tuna,alalunga,120404300,Fish,1204043,2004,2004-08-21T00:00:00Z,2006-04-11T00:00:00Z,,December
27.32,-116.25,2004-12-10T00:00:00Z,Thunnus,Albacore Tuna,alalunga,120404300,Fish,1204043,2004,2004-08-21T00:00:00Z,2006-04-11T00:00:00Z,,December
27.479996,-116.23,2004-12-11T00:00:00Z,Thunnus,Albacore Tuna,alalunga,120404300,Fish,1204043,2004,2004-08-21T00:00:00Z,2006-04-11T00:00:00Z,,December
27.61,-116.26,2004-12-12T00:00:00Z,Thunnus,Albacore Tuna,alalunga,120404300,Fish,1204043,2004,2004-08-21T00:00:00Z,2006-04-11T00:00:00Z,,December
27.720001,-116.29,2004-12-13T00:00:00Z,Thunnus,Albacore Tuna,alalunga,120404300,Fish,1204043,2004,2004-08-21T00:00:00Z,2006-04-11T00:00:00Z,,December
27.800003,-116.36,2004-12-14T00:00:00Z,Thunnus,Albacore Tuna,alalunga,120404300,Fish,1204043,2004,2004-08-21T00:00:00Z,2006-04-11T00:00:00Z,,December
27.849998,-116.5,2004-12-15T00:00:00Z,Thunnus,Albacore Tuna,alalunga,120404300,Fish,1204043,2004,2004-08-21T00:00:00Z,2006-04-11T00:00:00Z,,December
27.89,-116.71,2004-12-16T00:00:00Z,Thunnus,Albacore Tuna,alalunga,120404300,Fish,1204043,2004,2004-08-21T00:00:00Z,2006-04-11T00:00:00Z,,December
27.919998,-116.95,2004-12-17T00:00:00Z,Thunnus,Albacore Tuna,alalunga,120404300,Fish,1204043,2004,2004-08-21T00:00:00Z,2006-04-11T00:00:00Z,,December
27.940002,-117.14,2004-12-18T00:00:00Z,Thunnus,Albacore Tuna,alalunga,120404300,Fish,1204043,2004,2004-08-21T00:00:00Z,2006-04-11T00:00:00Z,,December
27.96,-117.31,2004-12-19T00:00:00Z,Thunnus,Albacore Tuna,alalunga,120404300,Fish,1204043,2004,2004-08-21T00:00:00Z,2006-04-11T00:00:00Z,,December
27.970001,-117.45,2004-12-20T00:00:00Z,Thunnus,Albacore Tuna,alalunga,120404300,Fish,1204043,2004,2004-08-21T00:00:00Z,2006-04-11T00:00:00Z,,December
27.989998,-117.54,2004-12-21T00:00:00Z,Thunnus,Albacore Tuna,alalunga,120404300,Fish,1204043,2004,2004-08-21T00:00:00Z,2006-04-11T00:00:00Z,,December
28,-117.54,2004-12-22T00:00:00Z,Thunnus,Albacore Tuna,alalunga,120404300,Fish,1204043,2004,2004-08-21T00:00:00Z,2006-04-11T00:00:00Z,,December
27.979996,-117.48,2004-12-23T00:00:00Z,Thunnus,Albacore Tuna,alalunga,120404300,Fish,1204043,2004,2004-08-21T00:00:00Z,2006-04-11T00:00:00Z,,December
27.949997,-117.39,2004-12-24T00:00:00Z,Thunnus,Albacore Tuna,alalunga,120404300,Fish,1204043,2004,2004-08-21T00:00:00Z,2006-04-11T00:00:00Z,,December
27.879997,-117.27,2004-12-25T00:00:00Z,Thunnus,Albacore Tuna,alalunga,120404300,Fish,1204043,2004,2004-08-21T00:00:00Z,2006-04-11T00:00:00Z,,December
27.809998,-117.15,2004-12-26T00:00:00Z,Thunnus,Albacore Tuna,alalunga,120404300,Fish,1204043,2004,2004-08-21T00:00:00Z,2006-04-11T00:00:00Z,,December
27.729996,-117.01,2004-12-27T00:00:00Z,Thunnus,Albacore Tuna,alalunga,120404300,Fish,1204043,2004,2004-08-21T00:00:00Z,2006-04-11T00:00:00Z,,December
27.629997,-116.89,2004-12-28T00:00:00Z,Thunnus,Albacore Tuna,alalunga,120404300,Fish,1204043,2004,2004-08-21T00:00:00Z,2006-04-11T00:00:00Z,,December
27.520004,-116.81,2004-12-29T00:00:00Z,Thunnus,Albacore Tuna,alalunga,120404300,Fish,1204043,2004,2004-08-21T00:00:00Z,2006-04-11T00:00:00Z,,December
27.400002,-116.75,2004-12-30T00:00:00Z,Thunnus,Albacore Tuna,alalunga,120404300,Fish,1204043,2004,2004-08-21T00:00:00Z,2006-04-11T00:00:00Z,,December
27.279999,-116.7,2004-12-31T00:00:00Z,Thunnus,Albacore Tuna,alalunga,120404300,Fish,1204043,2004,2004-08-21T00:00:00Z,2006-04-11T00:00:00Z,,December
27.160004,-116.67,2005-01-01T00:00:00Z,Thunnus,Albacore Tuna,alalunga,120404300,Fish,1204043,2004,2004-08-21T00:00:00Z,2006-04-11T00:00:00Z,,January
27.04,-116.64,2005-01-02T00:00:00Z,Thunnus,Albacore Tuna,alalunga,120404300,Fish,1204043,2004,2004-08-21T00:00:00Z,2006-04-11T00:00:00Z,,January
26.940002,-116.61,2005-01-03T00:00:00Z,Thunnus,Albacore Tuna,alalunga,120404300,Fish,1204043,2004,2004-08-21T00:00:00Z,2006-04-11T00:00:00Z,,January
26.86,-116.59,2005-01-04T00:00:00Z,Thunnus,Albacore Tuna,alalunga,120404300,Fish,1204043,2004,2004-08-21T00:00:00Z,2006-04-11T00:00:00Z,,January
26.800003,-116.59,2005-01-05T00:00:00Z,Thunnus,Albacore Tuna,alalunga,120404300,Fish,1204043,2004,2004-08-21T00:00:00Z,2006-04-11T00:00:00Z,,January
26.760002,-116.62,2005-01-06T00:00:00Z,Thunnus,Albacore Tuna,alalunga,120404300,Fish,1204043,2004,2004-08-21T00:00:00Z,2006-04-11T00:00:00Z,,January
26.729996,-116.68,2005-01-07T00:00:00Z,Thunnus,Albacore Tuna,alalunga,120404300,Fish,1204043,2004,2004-08-21T00:00:00Z,2006-04-11T00:00:00Z,,January
26.71,-116.76,2005-01-08T00:00:00Z,Thunnus,Albacore Tuna,alalunga,120404300,Fish,1204043,2004,2004-08-21T00:00:00Z,2006-04-11T00:00:00Z,,January
26.690002,-116.84,2005-01-09T00:00:00Z,Thunnus,Albacore Tuna,alalunga,120404300,Fish,1204043,2004,2004-08-21T00:00:00Z,2006-04-11T00:00:00Z,,January
26.690002,-116.9,2005-01-10T00:00:00Z,Thunnus,Albacore Tuna,alalunga,120404300,Fish,1204043,2004,2004-08-21T00:00:00Z,2006-04-11T00:00:00Z,,January
26.71,-116.93,2005-01-11T00:00:00Z,Thunnus,Albacore Tuna,alalunga,120404300,Fish,1204043,2004,2004-08-21T00:00:00Z,2006-04-11T00:00:00Z,,January
26.729996,-116.92,2005-01-12T00:00:00Z,Thunnus,Albacore Tuna,alalunga,120404300,Fish,1204043,2004,2004-08-21T00:00:00Z,2006-04-11T00:00:00Z,,January
26.779999,-116.88,2005-01-13T00:00:00Z,Thunnus,Albacore Tuna,alalunga,120404300,Fish,1204043,2004,2004-08-21T00:00:00Z,2006-04-11T00:00:00Z,,January
26.839996,-116.75,2005-01-14T00:00:00Z,Thunnus,Albacore Tuna,alalunga,120404300,Fish,1204043,2004,2004-08-21T00:00:00Z,2006-04-11T00:00:00Z,,January
26.910004,-116.6,2005-01-15T00:00:00Z,Thunnus,Albacore Tuna,alalunga,120404300,Fish,1204043,2004,2004-08-21T00:00:00Z,2006-04-11T00:00:00Z,,January
26.970001,-116.49,2005-01-16T00:00:00Z,Thunnus,Albacore Tuna,alalunga,120404300,Fish,1204043,2004,2004-08-21T00:00:00Z,2006-04-11T00:00:00Z,,January
27.04,-116.42,2005-01-17T00:00:00Z,Thunnus,Albacore Tuna,alalunga,120404300,Fish,1204043,2004,2004-08-21T00:00:00Z,2006-04-11T00:00:00Z,,January
27.11,-116.4,2005-01-18T00:00:00Z,Thunnus,Albacore Tuna,alalunga,120404300,Fish,1204043,2004,2004-08-21T00:00:00Z,2006-04-11T00:00:00Z,,January
27.199997,-116.42,2005-01-19T00:00:00Z,Thunnus,Albacore Tuna,alalunga,120404300,Fish,1204043,2004,2004-08-21T00:00:00Z,2006-04-11T00:00:00Z,,January
27.300003,-116.46,2005-01-20T00:00:00Z,Thunnus,Albacore Tuna,alalunga,120404300,Fish,1204043,2004,2004-08-21T00:00:00Z,2006-04-11T00:00:00Z,,January
27.39,-116.49,2005-01-21T00:00:00Z,Thunnus,Albacore Tuna,alalunga,120404300,Fish,1204043,2004,2004-08-21T00:00:00Z,2006-04-11T00:00:00Z,,January
27.46,-116.49,2005-01-22T00:00:00Z,Thunnus,Albacore Tuna,alalunga,120404300,Fish,1204043,2004,2004-08-21T00:00:00Z,2006-04-11T00:00:00Z,,January
27.520004,-116.49,2005-01-23T00:00:00Z,Thunnus,Albacore Tuna,alalunga,120404300,Fish,1204043,2004,2004-08-21T00:00:00Z,2006-04-11T00:00:00Z,,January
27.559998,-116.46,2005-01-24T00:00:00Z,Thunnus,Albacore Tuna,alalunga,120404300,Fish,1204043,2004,2004-08-21T00:00:00Z,2006-04-11T00:00:00Z,,January
27.57,-116.42,2005-01-25T00:00:00Z,Thunnus,Albacore Tuna,alalunga,120404300,Fish,1204043,2004,2004-08-21T00:00:00Z,2006-04-11T00:00:00Z,,January
27.529999,-116.39,2005-01-26T00:00:00Z,Thunnus,Albacore Tuna,alalunga,120404300,Fish,1204043,2004,2004-08-21T00:00:00Z,2006-04-11T00:00:00Z,,January
27.46,-116.37,2005-01-27T00:00:00Z,Thunnus,Albacore Tuna,alalunga,120404300,Fish,1204043,2004,2004-08-21T00:00:00Z,2006-04-11T00:00:00Z,,January
27.349998,-116.36,2005-01-28T00:00:00Z,Thunnus,Albacore Tuna,alalunga,120404300,Fish,1204043,2004,2004-08-21T00:00:00Z,2006-04-11T00:00:00Z,,January
27.229996,-116.33,2005-01-29T00:00:00Z,Thunnus,Albacore Tuna,alalunga,120404300,Fish,1204043,2004,2004-08-21T00:00:00Z,2006-04-11T00:00:00Z,,January
27.099998,-116.25,2005-01-30T00:00:00Z,Thunnus,Albacore Tuna,alalunga,120404300,Fish,1204043,2004,2004-08-21T00:00:00Z,2006-04-11T00:00:00Z,,January
26.989998,-116.16,2005-01-31T00:00:00Z,Thunnus,Albacore Tuna,alalunga,120404300,Fish,1204043,2004,2004-08-21T00:00:00Z,2006-04-11T00:00:00Z,,January
26.86,-116.1,2005-02-01T00:00:00Z,Thunnus,Albacore Tuna,alalunga,120404300,Fish,1204043,2004,2004-08-21T00:00:00Z,2006-04-11T00:00:00Z,,February
26.739998,-116.09,2005-02-02T00:00:00Z,Thunnus,Albacore Tuna,alalunga,120404300,Fish,1204043,2004,2004-08-21T00:00:00Z,2006-04-11T00:00:00Z,,February
26.599998,-116.13,2005-02-03T00:00:00Z,Thunnus,Albacore Tuna,alalunga,120404300,Fish,1204043,2004,2004-08-21T00:00:00Z,2006-04-11T00:00:00Z,,February
26.46,-116.15,2005-02-04T00:00:00Z,Thunnus,Albacore Tuna,alalunga,120404300,Fish,1204043,2004,2004-08-21T00:00:00Z,2006-04-11T00:00:00Z,,February
26.330002,-116.15,2005-02-05T00:00:00Z,Thunnus,Albacore Tuna,alalunga,120404300,Fish,1204043,2004,2004-08-21T00:00:00Z,2006-04-11T00:00:00Z,,February
26.18,-116.15,2005-02-06T00:00:00Z,Thunnus,Albacore Tuna,alalunga,120404300,Fish,1204043,2004,2004-08-21T00:00:00Z,2006-04-11T00:00:00Z,,February
26.029999,-116.12,2005-02-07T00:00:00Z,Thunnus,Albacore Tuna,alalunga,120404300,Fish,1204043,2004,2004-08-21T00:00:00Z,2006-04-11T00:00:00Z,,February
25.870003,-116.1,2005-02-08T00:00:00Z,Thunnus,Albacore Tuna,alalunga,120404300,Fish,1204043,2004,2004-08-21T00:00:00Z,2006-04-11T00:00:00Z,,February
25.720001,-116.07,2005-02-09T00:00:00Z,Thunnus,Albacore Tuna,alalunga,120404300,Fish,1204043,2004,2004-08-21T00:00:00Z,2006-04-11T00:00:00Z,,February
25.589996,-116.05,2005-02-10T00:00:00Z,Thunnus,Albacore Tuna,alalunga,120404300,Fish,1204043,2004,2004-08-21T00:00:00Z,2006-04-11T00:00:00Z,,February
25.489998,-116.04,2005-02-11T00:00:00Z,Thunnus,Albacore Tuna,alalunga,120404300,Fish,1204043,2004,2004-08-21T00:00:00Z,2006-04-11T00:00:00Z,,February
25.419998,-116.14,2005-02-12T00:00:00Z,Thunnus,Albacore Tuna,alalunga,120404300,Fish,1204043,2004,2004-08-21T00:00:00Z,2006-04-11T00:00:00Z,,February
25.370003,-116.29,2005-02-13T00:00:00Z,Thunnus,Albacore Tuna,alalunga,120404300,Fish,1204043,2004,2004-08-21T00:00:00Z,2006-04-11T00:00:00Z,,February
25.349998,-116.47,2005-02-14T00:00:00Z,Thunnus,Albacore Tuna,alalunga,120404300,Fish,1204043,2004,2004-08-21T00:00:00Z,2006-04-11T00:00:00Z,,February
25.349998,-116.65,2005-02-15T00:00:00Z,Thunnus,Albacore Tuna,alalunga,120404300,Fish,1204043,2004,2004-08-21T00:00:00Z,2006-04-11T00:00:00Z,,February
25.39,-116.79,2005-02-16T00:00:00Z,Thunnus,Albacore Tuna,alalunga,120404300,Fish,1204043,2004,2004-08-21T00:00:00Z,2006-04-11T00:00:00Z,,February
25.46,-116.89,2005-02-17T00:00:00Z,Thunnus,Albacore Tuna,alalunga,120404300,Fish,1204043,2004,2004-08-21T00:00:00Z,2006-04-11T00:00:00Z,,February
25.559998,-116.95,2005-02-18T00:00:00Z,Thunnus,Albacore Tuna,alalunga,120404300,Fish,1204043,2004,2004-08-21T00:00:00Z,2006-04-11T00:00:00Z,,February
25.669998,-116.92,2005-02-19T00:00:00Z,Thunnus,Albacore Tuna,alalunga,120404300,Fish,1204043,2004,2004-08-21T00:00:00Z,2006-04-11T00:00:00Z,,February
25.79,-116.82,2005-02-20T00:00:00Z,Thunnus,Albacore Tuna,alalunga,120404300,Fish,1204043,2004,2004-08-21T00:00:00Z,2006-04-11T00:00:00Z,,February
25.910004,-116.59,2005-02-21T00:00:00Z,Thunnus,Albacore Tuna,alalunga,120404300,Fish,1204043,2004,2004-08-21T00:00:00Z,2006-04-11T00:00:00Z,,February
26.029999,-116.28,2005-02-22T00:00:00Z,Thunnus,Albacore Tuna,alalunga,120404300,Fish,1204043,2004,2004-08-21T00:00:00Z,2006-04-11T00:00:00Z,,February
26.129997,-115.96,2005-02-23T00:00:00Z,Thunnus,Albacore Tuna,alalunga,120404300,Fish,1204043,2004,2004-08-21T00:00:00Z,2006-04-11T00:00:00Z,,February
26.18,-115.67,2005-02-24T00:00:00Z,Thunnus,Albacore Tuna,alalunga,120404300,Fish,1204043,2004,2004-08-21T00:00:00Z,2006-04-11T00:00:00Z,,February
26.18,-115.43,2005-02-25T00:00:00Z,Thunnus,Albacore Tuna,alalunga,120404300,Fish,1204043,2004,2004-08-21T00:00:00Z,2006-04-11T00:00:00Z,,February
26.129997,-115.19,2005-02-26T00:00:00Z,Thunnus,Albacore Tuna,alalunga,120404300,Fish,1204043,2004,2004-08-21T00:00:00Z,2006-04-11T00:00:00Z,,February
26.050003,-114.94,2005-02-27T00:00:00Z,Thunnus,Albacore Tuna,alalunga,120404300,Fish,1204043,2004,2004-08-21T00:00:00Z,2006-04-11T00:00:00Z,,February
25.919998,-114.69,2005-02-28T00:00:00Z,Thunnus,Albacore Tuna,alalunga,120404300,Fish,1204043,2004,2004-08-21T00:00:00Z,2006-04-11T00:00:00Z,,February
25.779999,-114.43,2005-03-01T00:00:00Z,Thunnus,Albacore Tuna,alalunga,120404300,Fish,1204043,2004,2004-08-21T00:00:00Z,2006-04-11T00:00:00Z,,March
25.64,-114.21,2005-03-02T00:00:00Z,Thunnus,Albacore Tuna,alalunga,120404300,Fish,1204043,2004,2004-08-21T00:00:00Z,2006-04-11T00:00:00Z,,March
25.529999,-114.1,2005-03-03T00:00:00Z,Thunnus,Albacore Tuna,alalunga,120404300,Fish,1204043,2004,2004-08-21T00:00:00Z,2006-04-11T00:00:00Z,,March
25.449997,-114.08,2005-03-04T00:00:00Z,Thunnus,Albacore Tuna,alalunga,120404300,Fish,1204043,2004,2004-08-21T00:00:00Z,2006-04-11T00:00:00Z,,March
25.410004,-114.15,2005-03-05T00:00:00Z,Thunnus,Albacore Tuna,alalunga,120404300,Fish,1204043,2004,2004-08-21T00:00:00Z,2006-04-11T00:00:00Z,,March
25.39,-114.28,2005-03-06T00:00:00Z,Thunnus,Albacore Tuna,alalunga,120404300,Fish,1204043,2004,2004-08-21T00:00:00Z,2006-04-11T00:00:00Z,,March
25.410004,-114.41,2005-03-07T00:00:00Z,Thunnus,Albacore Tuna,alalunga,120404300,Fish,1204043,2004,2004-08-21T00:00:00Z,2006-04-11T00:00:00Z,,March
25.440002,-114.49,2005-03-08T00:00:00Z,Thunnus,Albacore Tuna,alalunga,120404300,Fish,1204043,2004,2004-08-21T00:00:00Z,2006-04-11T00:00:00Z,,March
25.479996,-114.56,2005-03-09T00:00:00Z,Thunnus,Albacore Tuna,alalunga,120404300,Fish,1204043,2004,2004-08-21T00:00:00Z,2006-04-11T00:00:00Z,,March
25.54,-114.6,2005-03-10T00:00:00Z,Thunnus,Albacore Tuna,alalunga,120404300,Fish,1204043,2004,2004-08-21T00:00:00Z,2006-04-11T00:00:00Z,,March
25.589996,-114.62,2005-03-11T00:00:00Z,Thunnus,Albacore Tuna,alalunga,120404300,Fish,1204043,2004,2004-08-21T00:00:00Z,2006-04-11T00:00:00Z,,March
25.64,-114.63,2005-03-12T00:00:00Z,Thunnus,Albacore Tuna,alalunga,120404300,Fish,1204043,2004,2004-08-21T00:00:00Z,2006-04-11T00:00:00Z,,March
25.71,-114.65,2005-03-13T00:00:00Z,Thunnus,Albacore Tuna,alalunga,120404300,Fish,1204043,2004,2004-08-21T00:00:00Z,2006-04-11T00:00:00Z,,March
25.79,-114.65,2005-03-14T00:00:00Z,Thunnus,Albacore Tuna,alalunga,120404300,Fish,1204043,2004,2004-08-21T00:00:00Z,2006-04-11T00:00:00Z,,March
25.86,-114.61,2005-03-15T00:00:00Z,Thunnus,Albacore Tuna,alalunga,120404300,Fish,1204043,2004,2004-08-21T00:00:00Z,2006-04-11T00:00:00Z,,March
25.919998,-114.53,2005-03-16T00:00:00Z,Thunnus,Albacore Tuna,alalunga,120404300,Fish,1204043,2004,2004-08-21T00:00:00Z,2006-04-11T00:00:00Z,,March
25.940002,-114.45,2005-03-17T00:00:00Z,Thunnus,Albacore Tuna,alalunga,120404300,Fish,1204043,2004,2004-08-21T00:00:00Z,2006-04-11T00:00:00Z,,March
25.949997,-114.38,2005-03-18T00:00:00Z,Thunnus,Albacore Tuna,alalunga,120404300,Fish,1204043,2004,2004-08-21T00:00:00Z,2006-04-11T00:00:00Z,,March
25.940002,-114.3,2005-03-19T00:00:00Z,Thunnus,Albacore Tuna,alalunga,120404300,Fish,1204043,2004,2004-08-21T00:00:00Z,2006-04-11T00:00:00Z,,March
25.910004,-114.21,2005-03-20T00:00:00Z,Thunnus,Albacore Tuna,alalunga,120404300,Fish,1204043,2004,2004-08-21T00:00:00Z,2006-04-11T00:00:00Z,,March
25.870003,-114.15,2005-03-21T00:00:00Z,Thunnus,Albacore Tuna,alalunga,120404300,Fish,1204043,2004,2004-08-21T00:00:00Z,2006-04-11T00:00:00Z,,March
25.82,-114.07,2005-03-22T00:00:00Z,Thunnus,Albacore Tuna,alalunga,120404300,Fish,1204043,2004,2004-08-21T00:00:00Z,2006-04-11T00:00:00Z,,March
25.760002,-114,2005-03-23T00:00:00Z,Thunnus,Albacore Tuna,alalunga,120404300,Fish,1204043,2004,2004-08-21T00:00:00Z,2006-04-11T00:00:00Z,,March
25.699997,-113.91,2005-03-24T00:00:00Z,Thunnus,Albacore Tuna,alalunga,120404300,Fish,1204043,2004,2004-08-21T00:00:00Z,2006-04-11T00:00:00Z,,March
25.629997,-113.83,2005-03-25T00:00:00Z,Thunnus,Albacore Tuna,alalunga,120404300,Fish,1204043,2004,2004-08-21T00:00:00Z,2006-04-11T00:00:00Z,,March
25.550003,-113.75,2005-03-26T00:00:00Z,Thunnus,Albacore Tuna,alalunga,120404300,Fish,1204043,2004,2004-08-21T00:00:00Z,2006-04-11T00:00:00Z,,March
25.479996,-113.7,2005-03-27T00:00:00Z,Thunnus,Albacore Tuna,alalunga,120404300,Fish,1204043,2004,2004-08-21T00:00:00Z,2006-04-11T00:00:00Z,,March
25.419998,-113.67,2005-03-28T00:00:00Z,Thunnus,Albacore Tuna,alalunga,120404300,Fish,1204043,2004,2004-08-21T00:00:00Z,2006-04-11T00:00:00Z,,March
25.370003,-113.65,2005-03-29T00:00:00Z,Thunnus,Albacore Tuna,alalunga,120404300,Fish,1204043,2004,2004-08-21T00:00:00Z,2006-04-11T00:00:00Z,,March
25.349998,-113.64,2005-03-30T00:00:00Z,Thunnus,Albacore Tuna,alalunga,120404300,Fish,1204043,2004,2004-08-21T00:00:00Z,2006-04-11T00:00:00Z,,March
25.330002,-113.64,2005-03-31T00:00:00Z,Thunnus,Albacore Tuna,alalunga,120404300,Fish,1204043,2004,2004-08-21T00:00:00Z,2006-04-11T00:00:00Z,,March
25.300003,-113.66,2005-04-01T00:00:00Z,Thunnus,Albacore Tuna,alalunga,120404300,Fish,1204043,2004,2004-08-21T00:00:00Z,2006-04-11T00:00:00Z,,April
25.29,-113.7,2005-04-02T00:00:00Z,Thunnus,Albacore Tuna,alalunga,120404300,Fish,1204043,2004,2004-08-21T00:00:00Z,2006-04-11T00:00:00Z,,April
25.270004,-113.73,2005-04-03T00:00:00Z,Thunnus,Albacore Tuna,alalunga,120404300,Fish,1204043,2004,2004-08-21T00:00:00Z,2006-04-11T00:00:00Z,,April
25.239998,-113.74,2005-04-04T00:00:00Z,Thunnus,Albacore Tuna,alalunga,120404300,Fish,1204043,2004,2004-08-21T00:00:00Z,2006-04-11T00:00:00Z,,April
25.220001,-113.71,2005-04-05T00:00:00Z,Thunnus,Albacore Tuna,alalunga,120404300,Fish,1204043,2004,2004-08-21T00:00:00Z,2006-04-11T00:00:00Z,,April
25.190002,-113.66,2005-04-06T00:00:00Z,Thunnus,Albacore Tuna,alalunga,120404300,Fish,1204043,2004,2004-08-21T00:00:00Z,2006-04-11T00:00:00Z,,April
25.160004,-113.6,2005-04-07T00:00:00Z,Thunnus,Albacore Tuna,alalunga,120404300,Fish,1204043,2004,2004-08-21T00:00:00Z,2006-04-11T00:00:00Z,,April
25.129997,-113.53,2005-04-08T00:00:00Z,Thunnus,Albacore Tuna,alalunga,120404300,Fish,1204043,2004,2004-08-21T00:00:00Z,2006-04-11T00:00:00Z,,April
25.120003,-113.46,2005-04-09T00:00:00Z,Thunnus,Albacore Tuna,alalunga,120404300,Fish,1204043,2004,2004-08-21T00:00:00Z,2006-04-11T00:00:00Z,,April
25.11,-113.41,2005-04-10T00:00:00Z,Thunnus,Albacore Tuna,alalunga,120404300,Fish,1204043,2004,2004-08-21T00:00:00Z,2006-04-11T00:00:00Z,,April
25.11,-113.38,2005-04-11T00:00:00Z,Thunnus,Albacore Tuna,alalunga,120404300,Fish,1204043,2004,2004-08-21T00:00:00Z,2006-04-11T00:00:00Z,,April
25.120003,-113.37,2005-04-12T00:00:00Z,Thunnus,Albacore Tuna,alalunga,120404300,Fish,1204043,2004,2004-08-21T00:00:00Z,2006-04-11T00:00:00Z,,April
25.160004,-113.41,2005-04-13T00:00:00Z,Thunnus,Albacore Tuna,alalunga,120404300,Fish,1204043,2004,2004-08-21T00:00:00Z,2006-04-11T00:00:00Z,,April
25.239998,-113.5,2005-04-14T00:00:00Z,Thunnus,Albacore Tuna,alalunga,120404300,Fish,1204043,2004,2004-08-21T00:00:00Z,2006-04-11T00:00:00Z,,April
25.36,-113.61,2005-04-15T00:00:00Z,Thunnus,Albacore Tuna,alalunga,120404300,Fish,1204043,2004,2004-08-21T00:00:00Z,2006-04-11T00:00:00Z,,April
25.529999,-113.73,2005-04-16T00:00:00Z,Thunnus,Albacore Tuna,alalunga,120404300,Fish,1204043,2004,2004-08-21T00:00:00Z,2006-04-11T00:00:00Z,,April
25.739998,-113.87,2005-04-17T00:00:00Z,Thunnus,Albacore Tuna,alalunga,120404300,Fish,1204043,2004,2004-08-21T00:00:00Z,2006-04-11T00:00:00Z,,April
26.020004,-114.07,2005-04-18T00:00:00Z,Thunnus,Albacore Tuna,alalunga,120404300,Fish,1204043,2004,2004-08-21T00:00:00Z,2006-04-11T00:00:00Z,,April
26.36,-114.37,2005-04-19T00:00:00Z,Thunnus,Albacore Tuna,alalunga,120404300,Fish,1204043,2004,2004-08-21T00:00:00Z,2006-04-11T00:00:00Z,,April
26.739998,-114.72,2005-04-20T00:00:00Z,Thunnus,Albacore Tuna,alalunga,120404300,Fish,1204043,2004,2004-08-21T00:00:00Z,2006-04-11T00:00:00Z,,April
27.150002,-115.12,2005-04-21T00:00:00Z,Thunnus,Albacore Tuna,alalunga,120404300,Fish,1204043,2004,2004-08-21T00:00:00Z,2006-04-11T00:00:00Z,,April
27.580002,-115.6,2005-04-22T00:00:00Z,Thunnus,Albacore Tuna,alalunga,120404300,Fish,1204043,2004,2004-08-21T00:00:00Z,2006-04-11T00:00:00Z,,April
28.010002,-116.18,2005-04-23T00:00:00Z,Thunnus,Albacore Tuna,alalunga,120404300,Fish,1204043,2004,2004-08-21T00:00:00Z,2006-04-11T00:00:00Z,,April
28.440002,-116.93,2005-04-24T00:00:00Z,Thunnus,Albacore Tuna,alalunga,120404300,Fish,1204043,2004,2004-08-21T00:00:00Z,2006-04-11T00:00:00Z,,April
28.879997,-117.81,2005-04-25T00:00:00Z,Thunnus,Albacore Tuna,alalunga,120404300,Fish,1204043,2004,2004-08-21T00:00:00Z,2006-04-11T00:00:00Z,,April
29.29,-118.83,2005-04-26T00:00:00Z,Thunnus,Albacore Tuna,alalunga,120404300,Fish,1204043,2004,2004-08-21T00:00:00Z,2006-04-11T00:00:00Z,,April
29.629997,-120,2005-04-27T00:00:00Z,Thunnus,Albacore Tuna,alalunga,120404300,Fish,1204043,2004,2004-08-21T00:00:00Z,2006-04-11T00:00:00Z,,April
29.900002,-121.31,2005-04-28T00:00:00Z,Thunnus,Albacore Tuna,alalunga,120404300,Fish,1204043,2004,2004-08-21T00:00:00Z,2006-04-11T00:00:00Z,,April
30.089996,-122.74,2005-04-29T00:00:00Z,Thunnus,Albacore Tuna,alalunga,120404300,Fish,1204043,2004,2004-08-21T00:00:00Z,2006-04-11T00:00:00Z,,April
30.169998,-124.29,2005-04-30T00:00:00Z,Thunnus,Albacore Tuna,alalunga,120404300,Fish,1204043,2004,2004-08-21T00:00:00Z,2006-04-11T00:00:00Z,,April
30.14,-125.87,2005-05-01T00:00:00Z,Thunnus,Albacore Tuna,alalunga,120404300,Fish,1204043,2004,2004-08-21T00:00:00Z,2006-04-11T00:00:00Z,,May
30,-127.43,2005-05-02T00:00:00Z,Thunnus,Albacore Tuna,alalunga,120404300,Fish,1204043,2004,2004-08-21T00:00:00Z,2006-04-11T00:00:00Z,,May
29.760002,-128.93,2005-05-03T00:00:00Z,Thunnus,Albacore Tuna,alalunga,120404300,Fish,1204043,2004,2004-08-21T00:00:00Z,2006-04-11T00:00:00Z,,May
29.46,-130.3,2005-05-04T00:00:00Z,Thunnus,Albacore Tuna,alalunga,120404300,Fish,1204043,2004,2004-08-21T00:00:00Z,2006-04-11T00:00:00Z,,May
29.14,-131.5,2005-05-05T00:00:00Z,Thunnus,Albacore Tuna,alalunga,120404300,Fish,1204043,2004,2004-08-21T00:00:00Z,2006-04-11T00:00:00Z,,May
28.82,-132.57,2005-05-06T00:00:00Z,Thunnus,Albacore Tuna,alalunga,120404300,Fish,1204043,2004,2004-08-21T00:00:00Z,2006-04-11T00:00:00Z,,May
28.550003,-133.54,2005-05-07T00:00:00Z,Thunnus,Albacore Tuna,alalunga,120404300,Fish,1204043,2004,2004-08-21T00:00:00Z,2006-04-11T00:00:00Z,,May
28.330002,-134.43,2005-05-08T00:00:00Z,Thunnus,Albacore Tuna,alalunga,120404300,Fish,1204043,2004,2004-08-21T00:00:00Z,2006-04-11T00:00:00Z,,May
28.190002,-135.25,2005-05-09T00:00:00Z,Thunnus,Albacore Tuna,alalunga,120404300,Fish,1204043,2004,2004-08-21T00:00:00Z,2006-04-11T00:00:00Z,,May
28.129997,-135.96,2005-05-10T00:00:00Z,Thunnus,Albacore Tuna,alalunga,120404300,Fish,1204043,2004,2004-08-21T00:00:00Z,2006-04-11T00:00:00Z,,May
28.14,-136.49,2005-05-11T00:00:00Z,Thunnus,Albacore Tuna,alalunga,120404300,Fish,1204043,2004,2004-08-21T00:00:00Z,2006-04-11T00:00:00Z,,May
28.18,-136.86,2005-05-12T00:00:00Z,Thunnus,Albacore Tuna,alalunga,120404300,Fish,1204043,2004,2004-08-21T00:00:00Z,2006-04-11T00:00:00Z,,May
28.239998,-137.09,2005-05-13T00:00:00Z,Thunnus,Albacore Tuna,alalunga,120404300,Fish,1204043,2004,2004-08-21T00:00:00Z,2006-04-11T00:00:00Z,,May
28.300003,-137.23,2005-05-14T00:00:00Z,Thunnus,Albacore Tuna,alalunga,120404300,Fish,1204043,2004,2004-08-21T00:00:00Z,2006-04-11T00:00:00Z,,May
28.36,-137.33,2005-05-15T00:00:00Z,Thunnus,Albacore Tuna,alalunga,120404300,Fish,1204043,2004,2004-08-21T00:00:00Z,2006-04-11T00:00:00Z,,May
28.400002,-137.43,2005-05-16T00:00:00Z,Thunnus,Albacore Tuna,alalunga,120404300,Fish,1204043,2004,2004-08-21T00:00:00Z,2006-04-11T00:00:00Z,,May
28.419998,-137.56,2005-05-17T00:00:00Z,Thunnus,Albacore Tuna,alalunga,120404300,Fish,1204043,2004,2004-08-21T00:00:00Z,2006-04-11T00:00:00Z,,May
28.440002,-137.7,2005-05-18T00:00:00Z,Thunnus,Albacore Tuna,alalunga,120404300,Fish,1204043,2004,2004-08-21T00:00:00Z,2006-04-11T00:00:00Z,,May
28.419998,-137.84,2005-05-19T00:00:00Z,Thunnus,Albacore Tuna,alalunga,120404300,Fish,1204043,2004,2004-08-21T00:00:00Z,2006-04-11T00:00:00Z,,May
28.39,-138.03,2005-05-20T00:00:00Z,Thunnus,Albacore Tuna,alalunga,120404300,Fish,1204043,2004,2004-08-21T00:00:00Z,2006-04-11T00:00:00Z,,May
28.370003,-138.32,2005-05-21T00:00:00Z,Thunnus,Albacore Tuna,alalunga,120404300,Fish,1204043,2004,2004-08-21T00:00:00Z,2006-04-11T00:00:00Z,,May
28.36,-138.75,2005-05-22T00:00:00Z,Thunnus,Albacore Tuna,alalunga,120404300,Fish,1204043,2004,2004-08-21T00:00:00Z,2006-04-11T00:00:00Z,,May
28.36,-139.36,2005-05-23T00:00:00Z,Thunnus,Albacore Tuna,alalunga,120404300,Fish,1204043,2004,2004-08-21T00:00:00Z,2006-04-11T00:00:00Z,,May
28.349998,-140.19,2005-05-24T00:00:00Z,Thunnus,Albacore Tuna,alalunga,120404300,Fish,1204043,2004,2004-08-21T00:00:00Z,2006-04-11T00:00:00Z,,May
28.29,-141.19,2005-05-25T00:00:00Z,Thunnus,Albacore Tuna,alalunga,120404300,Fish,1204043,2004,2004-08-21T00:00:00Z,2006-04-11T00:00:00Z,,May
28.129997,-142.3,2005-05-26T00:00:00Z,Thunnus,Albacore Tuna,alalunga,120404300,Fish,1204043,2004,2004-08-21T00:00:00Z,2006-04-11T00:00:00Z,,May
27.86,-143.42,2005-05-27T00:00:00Z,Thunnus,Albacore Tuna,alalunga,120404300,Fish,1204043,2004,2004-08-21T00:00:00Z,2006-04-11T00:00:00Z,,May
27.440002,-144.42,2005-05-28T00:00:00Z,Thunnus,Albacore Tuna,alalunga,120404300,Fish,1204043,2004,2004-08-21T00:00:00Z,2006-04-11T00:00:00Z,,May
26.89,-145.29,2005-05-29T00:00:00Z,Thunnus,Albacore Tuna,alalunga,120404300,Fish,1204043,2004,2004-08-21T00:00:00Z,2006-04-11T00:00:00Z,,May
26.199997,-146.06,2005-05-30T00:00:00Z,Thunnus,Albacore Tuna,alalunga,120404300,Fish,1204043,2004,2004-08-21T00:00:00Z,2006-04-11T00:00:00Z,,May
25.419998,-146.75,2005-05-31T00:00:00Z,Thunnus,Albacore Tuna,alalunga,120404300,Fish,1204043,2004,2004-08-21T00:00:00Z,2006-04-11T00:00:00Z,,May
24.529999,-147.35,2005-06-01T00:00:00Z,Thunnus,Albacore Tuna,alalunga,120404300,Fish,1204043,2004,2004-08-21T00:00:00Z,2006-04-11T00:00:00Z,,June
23.559998,-147.86,2005-06-02T00:00:00Z,Thunnus,Albacore Tuna,alalunga,120404300,Fish,1204043,2004,2004-08-21T00:00:00Z,2006-04-11T00:00:00Z,,June
22.520004,-148.28,2005-06-03T00:00:00Z,Thunnus,Albacore Tuna,alalunga,120404300,Fish,1204043,2004,2004-08-21T00:00:00Z,2006-04-11T00:00:00Z,,June
21.449997,-148.63,2005-06-04T00:00:00Z,Thunnus,Albacore Tuna,alalunga,120404300,Fish,1204043,2004,2004-08-21T00:00:00Z,2006-04-11T00:00:00Z,,June
20.379997,-148.95,2005-06-05T00:00:00Z,Thunnus,Albacore Tuna,alalunga,120404300,Fish,1204043,2004,2004-08-21T00:00:00Z,2006-04-11T00:00:00Z,,June
19.36,-149.26,2005-06-06T00:00:00Z,Thunnus,Albacore Tuna,alalunga,120404300,Fish,1204043,2004,2004-08-21T00:00:00Z,2006-04-11T00:00:00Z,,June
18.410004,-149.6,2005-06-07T00:00:00Z,Thunnus,Albacore Tuna,alalunga,120404300,Fish,1204043,2004,2004-08-21T00:00:00Z,2006-04-11T00:00:00Z,,June
17.529999,-149.97,2005-06-08T00:00:00Z,Thunnus,Albacore Tuna,alalunga,120404300,Fish,1204043,2004,2004-08-21T00:00:00Z,2006-04-11T00:00:00Z,,June
16.71,-150.37,2005-06-09T00:00:00Z,Thunnus,Albacore Tuna,alalunga,120404300,Fish,1204043,2004,2004-08-21T00:00:00Z,2006-04-11T00:00:00Z,,June
15.959999,-150.79,2005-06-10T00:00:00Z,Thunnus,Albacore Tuna,alalunga,120404300,Fish,1204043,2004,2004-08-21T00:00:00Z,2006-04-11T00:00:00Z,,June
15.300003,-151.2,2005-06-11T00:00:00Z,Thunnus,Albacore Tuna,alalunga,120404300,Fish,1204043,2004,2004-08-21T00:00:00Z,2006-04-11T00:00:00Z,,June
14.760002,-151.52,2005-06-12T00:00:00Z,Thunnus,Albacore Tuna,alalunga,120404300,Fish,1204043,2004,2004-08-21T00:00:00Z,2006-04-11T00:00:00Z,,June
14.349998,-151.72,2005-06-13T00:00:00Z,Thunnus,Albacore Tuna,alalunga,120404300,Fish,1204043,2004,2004-08-21T00:00:00Z,2006-04-11T00:00:00Z,,June
14.07,-151.8,2005-06-14T00:00:00Z,Thunnus,Albacore Tuna,alalunga,120404300,Fish,1204043,2004,2004-08-21T00:00:00Z,2006-04-11T00:00:00Z,,June
13.910004,-151.81,2005-06-15T00:00:00Z,Thunnus,Albacore Tuna,alalunga,120404300,Fish,1204043,2004,2004-08-21T00:00:00Z,2006-04-11T00:00:00Z,,June
13.849998,-151.83,2005-06-16T00:00:00Z,Thunnus,Albacore Tuna,alalunga,120404300,Fish,1204043,2004,2004-08-21T00:00:00Z,2006-04-11T00:00:00Z,,June
13.870003,-151.87,2005-06-17T00:00:00Z,Thunnus,Albacore Tuna,alalunga,120404300,Fish,1204043,2004,2004-08-21T00:00:00Z,2006-04-11T00:00:00Z,,June
13.949997,-151.9,2005-06-18T00:00:00Z,Thunnus,Albacore Tuna,alalunga,120404300,Fish,1204043,2004,2004-08-21T00:00:00Z,2006-04-11T00:00:00Z,,June
14.07,-151.94,2005-06-19T00:00:00Z,Thunnus,Albacore Tuna,alalunga,120404300,Fish,1204043,2004,2004-08-21T00:00:00Z,2006-04-11T00:00:00Z,,June
14.209999,-151.94,2005-06-20T00:00:00Z,Thunnus,Albacore Tuna,alalunga,120404300,Fish,1204043,2004,2004-08-21T00:00:00Z,2006-04-11T00:00:00Z,,June
14.379997,-151.91,2005-06-21T00:00:00Z,Thunnus,Albacore Tuna,alalunga,120404300,Fish,1204043,2004,2004-08-21T00:00:00Z,2006-04-11T00:00:00Z,,June
14.599998,-151.87,2005-06-22T00:00:00Z,Thunnus,Albacore Tuna,alalunga,120404300,Fish,1204043,2004,2004-08-21T00:00:00Z,2006-04-11T00:00:00Z,,June
14.889999,-151.86,2005-06-23T00:00:00Z,Thunnus,Albacore Tuna,alalunga,120404300,Fish,1204043,2004,2004-08-21T00:00:00Z,2006-04-11T00:00:00Z,,June
15.220001,-151.89,2005-06-24T00:00:00Z,Thunnus,Albacore Tuna,alalunga,120404300,Fish,1204043,2004,2004-08-21T00:00:00Z,2006-04-11T00:00:00Z,,June
15.580002,-151.96,2005-06-25T00:00:00Z,Thunnus,Albacore Tuna,alalunga,120404300,Fish,1204043,2004,2004-08-21T00:00:00Z,2006-04-11T00:00:00Z,,June
15.93,-152.06,2005-06-26T00:00:00Z,Thunnus,Albacore Tuna,alalunga,120404300,Fish,1204043,2004,2004-08-21T00:00:00Z,2006-04-11T00:00:00Z,,June
16.229996,-152.15,2005-06-27T00:00:00Z,Thunnus,Albacore Tuna,alalunga,120404300,Fish,1204043,2004,2004-08-21T00:00:00Z,2006-04-11T00:00:00Z,,June
16.510002,-152.23,2005-06-28T00:00:00Z,Thunnus,Albacore Tuna,alalunga,120404300,Fish,1204043,2004,2004-08-21T00:00:00Z,2006-04-11T00:00:00Z,,June
16.779999,-152.27,2005-06-29T00:00:00Z,Thunnus,Albacore Tuna,alalunga,120404300,Fish,1204043,2004,2004-08-21T00:00:00Z,2006-04-11T00:00:00Z,,June
17.050003,-152.3,2005-06-30T00:00:00Z,Thunnus,Albacore Tuna,alalunga,120404300,Fish,1204043,2004,2004-08-21T00:00:00Z,2006-04-11T00:00:00Z,,June
17.349998,-152.31,2005-07-01T00:00:00Z,Thunnus,Albacore Tuna,alalunga,120404300,Fish,1204043,2004,2004-08-21T00:00:00Z,2006-04-11T00:00:00Z,,July
17.669998,-152.31,2005-07-02T00:00:00Z,Thunnus,Albacore Tuna,alalunga,120404300,Fish,1204043,2004,2004-08-21T00:00:00Z,2006-04-11T00:00:00Z,,July
18.04,-152.31,2005-07-03T00:00:00Z,Thunnus,Albacore Tuna,alalunga,120404300,Fish,1204043,2004,2004-08-21T00:00:00Z,2006-04-11T00:00:00Z,,July
18.46,-152.31,2005-07-04T00:00:00Z,Thunnus,Albacore Tuna,alalunga,120404300,Fish,1204043,2004,2004-08-21T00:00:00Z,2006-04-11T00:00:00Z,,July
18.979996,-152.31,2005-07-05T00:00:00Z,Thunnus,Albacore Tuna,alalunga,120404300,Fish,1204043,2004,2004-08-21T00:00:00Z,2006-04-11T00:00:00Z,,July
19.620003,-152.28,2005-07-06T00:00:00Z,Thunnus,Albacore Tuna,alalunga,120404300,Fish,1204043,2004,2004-08-21T00:00:00Z,2006-04-11T00:00:00Z,,July
20.43,-152.18,2005-07-07T00:00:00Z,Thunnus,Albacore Tuna,alalunga,120404300,Fish,1204043,2004,2004-08-21T00:00:00Z,2006-04-11T00:00:00Z,,July
21.440002,-152,2005-07-08T00:00:00Z,Thunnus,Albacore Tuna,alalunga,120404300,Fish,1204043,2004,2004-08-21T00:00:00Z,2006-04-11T00:00:00Z,,July
22.64,-151.78,2005-07-09T00:00:00Z,Thunnus,Albacore Tuna,alalunga,120404300,Fish,1204043,2004,2004-08-21T00:00:00Z,2006-04-11T00:00:00Z,,July
24.020004,-151.5,2005-07-10T00:00:00Z,Thunnus,Albacore Tuna,alalunga,120404300,Fish,1204043,2004,2004-08-21T00:00:00Z,2006-04-11T00:00:00Z,,July
25.520004,-151.21,2005-07-11T00:00:00Z,Thunnus,Albacore Tuna,alalunga,120404300,Fish,1204043,2004,2004-08-21T00:00:00Z,2006-04-11T00:00:00Z,,July
27.080002,-150.9,2005-07-12T00:00:00Z,Thunnus,Albacore Tuna,alalunga,120404300,Fish,1204043,2004,2004-08-21T00:00:00Z,2006-04-11T00:00:00Z,,July
28.660004,-150.61,2005-07-13T00:00:00Z,Thunnus,Albacore Tuna,alalunga,120404300,Fish,1204043,2004,2004-08-21T00:00:00Z,2006-04-11T00:00:00Z,,July
30.220001,-150.34,2005-07-14T00:00:00Z,Thunnus,Albacore Tuna,alalunga,120404300,Fish,1204043,2004,2004-08-21T00:00:00Z,2006-04-11T00:00:00Z,,July
31.720001,-150.09,2005-07-15T00:00:00Z,Thunnus,Albacore Tuna,alalunga,120404300,Fish,1204043,2004,2004-08-21T00:00:00Z,2006-04-11T00:00:00Z,,July
33.119995,-149.86,2005-07-16T00:00:00Z,Thunnus,Albacore Tuna,alalunga,120404300,Fish,1204043,2004,2004-08-21T00:00:00Z,2006-04-11T00:00:00Z,,July
34.39,-149.63,2005-07-17T00:00:00Z,Thunnus,Albacore Tuna,alalunga,120404300,Fish,1204043,2004,2004-08-21T00:00:00Z,2006-04-11T00:00:00Z,,July
35.520004,-149.36,2005-07-18T00:00:00Z,Thunnus,Albacore Tuna,alalunga,120404300,Fish,1204043,2004,2004-08-21T00:00:00Z,2006-04-11T00:00:00Z,,July
36.490005,-149,2005-07-19T00:00:00Z,Thunnus,Albacore Tuna,alalunga,120404300,Fish,1204043,2004,2004-08-21T00:00:00Z,2006-04-11T00:00:00Z,,July
37.270004,-148.49,2005-07-20T00:00:00Z,Thunnus,Albacore Tuna,alalunga,120404300,Fish,1204043,2004,2004-08-21T00:00:00Z,2006-04-11T00:00:00Z,,July
37.82,-147.86,2005-07-21T00:00:00Z,Thunnus,Albacore Tuna,alalunga,120404300,Fish,1204043,2004,2004-08-21T00:00:00Z,2006-04-11T00:00:00Z,,July
38.14,-147.15,2005-07-22T00:00:00Z,Thunnus,Albacore Tuna,alalunga,120404300,Fish,1204043,2004,2004-08-21T00:00:00Z,2006-04-11T00:00:00Z,,July
38.229996,-146.37,2005-07-23T00:00:00Z,Thunnus,Albacore Tuna,alalunga,120404300,Fish,1204043,2004,2004-08-21T00:00:00Z,2006-04-11T00:00:00Z,,July
38.119995,-145.54,2005-07-24T00:00:00Z,Thunnus,Albacore Tuna,alalunga,120404300,Fish,1204043,2004,2004-08-21T00:00:00Z,2006-04-11T00:00:00Z,,July
37.85,-144.72,2005-07-25T00:00:00Z,Thunnus,Albacore Tuna,alalunga,120404300,Fish,1204043,2004,2004-08-21T00:00:00Z,2006-04-11T00:00:00Z,,July
37.479996,-143.9,2005-07-26T00:00:00Z,Thunnus,Albacore Tuna,alalunga,120404300,Fish,1204043,2004,2004-08-21T00:00:00Z,2006-04-11T00:00:00Z,,July
37.04,-143.05,2005-07-27T00:00:00Z,Thunnus,Albacore Tuna,alalunga,120404300,Fish,1204043,2004,2004-08-21T00:00:00Z,2006-04-11T00:00:00Z,,July
36.57,-142.18,2005-07-28T00:00:00Z,Thunnus,Albacore Tuna,alalunga,120404300,Fish,1204043,2004,2004-08-21T00:00:00Z,2006-04-11T00:00:00Z,,July
36.130005,-141.29,2005-07-29T00:00:00Z,Thunnus,Albacore Tuna,alalunga,120404300,Fish,1204043,2004,2004-08-21T00:00:00Z,2006-04-11T00:00:00Z,,July
35.71,-140.34,2005-07-30T00:00:00Z,Thunnus,Albacore Tuna,alalunga,120404300,Fish,1204043,2004,2004-08-21T00:00:00Z,2006-04-11T00:00:00Z,,July
35.35,-139.29,2005-07-31T00:00:00Z,Thunnus,Albacore Tuna,alalunga,120404300,Fish,1204043,2004,2004-08-21T00:00:00Z,2006-04-11T00:00:00Z,,July
35.059998,-138.13,2005-08-01T00:00:00Z,Thunnus,Albacore Tuna,alalunga,120404300,Fish,1204043,2004,2004-08-21T00:00:00Z,2006-04-11T00:00:00Z,,August
34.82,-136.96,2005-08-02T00:00:00Z,Thunnus,Albacore Tuna,alalunga,120404300,Fish,1204043,2004,2004-08-21T00:00:00Z,2006-04-11T00:00:00Z,,August
34.64,-135.87,2005-08-03T00:00:00Z,Thunnus,Albacore Tuna,alalunga,120404300,Fish,1204043,2004,2004-08-21T00:00:00Z,2006-04-11T00:00:00Z,,August
34.490005,-134.84,2005-08-04T00:00:00Z,Thunnus,Albacore Tuna,alalunga,120404300,Fish,1204043,2004,2004-08-21T00:00:00Z,2006-04-11T00:00:00Z,,August
34.380005,-133.84,2005-08-05T00:00:00Z,Thunnus,Albacore Tuna,alalunga,120404300,Fish,1204043,2004,2004-08-21T00:00:00Z,2006-04-11T00:00:00Z,,August
34.32,-132.86,2005-08-06T00:00:00Z,Thunnus,Albacore Tuna,alalunga,120404300,Fish,1204043,2004,2004-08-21T00:00:00Z,2006-04-11T00:00:00Z,,August
34.309998,-131.86,2005-08-07T00:00:00Z,Thunnus,Albacore Tuna,alalunga,120404300,Fish,1204043,2004,2004-08-21T00:00:00Z,2006-04-11T00:00:00Z,,August
34.339996,-130.85,2005-08-08T00:00:00Z,Thunnus,Albacore Tuna,alalunga,120404300,Fish,1204043,2004,2004-08-21T00:00:00Z,2006-04-11T00:00:00Z,,August
34.4,-129.82,2005-08-09T00:00:00Z,Thunnus,Albacore Tuna,alalunga,120404300,Fish,1204043,2004,2004-08-21T00:00:00Z,2006-04-11T00:00:00Z,,August
34.449997,-128.78,2005-08-10T00:00:00Z,Thunnus,Albacore Tuna,alalunga,120404300,Fish,1204043,2004,2004-08-21T00:00:00Z,2006-04-11T00:00:00Z,,August
34.47,-127.75,2005-08-11T00:00:00Z,Thunnus,Albacore Tuna,alalunga,120404300,Fish,1204043,2004,2004-08-21T00:00:00Z,2006-04-11T00:00:00Z,,August
34.410004,-126.72,2005-08-12T00:00:00Z,Thunnus,Albacore Tuna,alalunga,120404300,Fish,1204043,2004,2004-08-21T00:00:00Z,2006-04-11T00:00:00Z,,August
34.25,-125.74,2005-08-13T00:00:00Z,Thunnus,Albacore Tuna,alalunga,120404300,Fish,1204043,2004,2004-08-21T00:00:00Z,2006-04-11T00:00:00Z,,August
33.990005,-124.78,2005-08-14T00:00:00Z,Thunnus,Albacore Tuna,alalunga,120404300,Fish,1204043,2004,2004-08-21T00:00:00Z,2006-04-11T00:00:00Z,,August
33.630005,-123.88,2005-08-15T00:00:00Z,Thunnus,Albacore Tuna,alalunga,120404300,Fish,1204043,2004,2004-08-21T00:00:00Z,2006-04-11T00:00:00Z,,August
33.21,-123.11,2005-08-16T00:00:00Z,Thunnus,Albacore Tuna,alalunga,120404300,Fish,1204043,2004,2004-08-21T00:00:00Z,2006-04-11T00:00:00Z,,August
32.75,-122.49,2005-08-17T00:00:00Z,Thunnus,Albacore Tuna,alalunga,120404300,Fish,1204043,2004,2004-08-21T00:00:00Z,2006-04-11T00:00:00Z,,August
32.240005,-122.05,2005-08-18T00:00:00Z,Thunnus,Albacore Tuna,alalunga,120404300,Fish,1204043,2004,2004-08-21T00:00:00Z,2006-04-11T00:00:00Z,,August
31.660004,-121.78,2005-08-19T00:00:00Z,Thunnus,Albacore Tuna,alalunga,120404300,Fish,1204043,2004,2004-08-21T00:00:00Z,2006-04-11T00:00:00Z,,August
31.07,-121.63,2005-08-20T00:00:00Z,Thunnus,Albacore Tuna,alalunga,120404300,Fish,1204043,2004,2004-08-21T00:00:00Z,2006-04-11T00:00:00Z,,August
30.489998,-121.52,2005-08-21T00:00:00Z,Thunnus,Albacore Tuna,alalunga,120404300,Fish,1204043,2004,2004-08-21T00:00:00Z,2006-04-11T00:00:00Z,,August
29.979996,-121.42,2005-08-22T00:00:00Z,Thunnus,Albacore Tuna,alalunga,120404300,Fish,1204043,2004,2004-08-21T00:00:00Z,2006-04-11T00:00:00Z,,August
29.57,-121.34,2005-08-23T00:00:00Z,Thunnus,Albacore Tuna,alalunga,120404300,Fish,1204043,2004,2004-08-21T00:00:00Z,2006-04-11T00:00:00Z,,August
29.270004,-121.34,2005-08-24T00:00:00Z,Thunnus,Albacore Tuna,alalunga,120404300,Fish,1204043,2004,2004-08-21T00:00:00Z,2006-04-11T00:00:00Z,,August
29.099998,-121.39,2005-08-25T00:00:00Z,Thunnus,Albacore Tuna,alalunga,120404300,Fish,1204043,2004,2004-08-21T00:00:00Z,2006-04-11T00:00:00Z,,August
29.04,-121.44,2005-08-26T00:00:00Z,Thunnus,Albacore Tuna,alalunga,120404300,Fish,1204043,2004,2004-08-21T00:00:00Z,2006-04-11T00:00:00Z,,August
29.099998,-121.47,2005-08-27T00:00:00Z,Thunnus,Albacore Tuna,alalunga,120404300,Fish,1204043,2004,2004-08-21T00:00:00Z,2006-04-11T00:00:00Z,,August
29.270004,-121.51,2005-08-28T00:00:00Z,Thunnus,Albacore Tuna,alalunga,120404300,Fish,1204043,2004,2004-08-21T00:00:00Z,2006-04-11T00:00:00Z,,August
29.54,-121.55,2005-08-29T00:00:00Z,Thunnus,Albacore Tuna,alalunga,120404300,Fish,1204043,2004,2004-08-21T00:00:00Z,2006-04-11T00:00:00Z,,August
29.900002,-121.57,2005-08-30T00:00:00Z,Thunnus,Albacore Tuna,alalunga,120404300,Fish,1204043,2004,2004-08-21T00:00:00Z,2006-04-11T00:00:00Z,,August
30.339996,-121.55,2005-08-31T00:00:00Z,Thunnus,Albacore Tuna,alalunga,120404300,Fish,1204043,2004,2004-08-21T00:00:00Z,2006-04-11T00:00:00Z,,August
30.849998,-121.52,2005-09-01T00:00:00Z,Thunnus,Albacore Tuna,alalunga,120404300,Fish,1204043,2004,2004-08-21T00:00:00Z,2006-04-11T00:00:00Z,,September
31.370003,-121.52,2005-09-02T00:00:00Z,Thunnus,Albacore Tuna,alalunga,120404300,Fish,1204043,2004,2004-08-21T00:00:00Z,2006-04-11T00:00:00Z,,September
31.86,-121.58,2005-09-03T00:00:00Z,Thunnus,Albacore Tuna,alalunga,120404300,Fish,1204043,2004,2004-08-21T00:00:00Z,2006-04-11T00:00:00Z,,September
32.259995,-121.66,2005-09-04T00:00:00Z,Thunnus,Albacore Tuna,alalunga,120404300,Fish,1204043,2004,2004-08-21T00:00:00Z,2006-04-11T00:00:00Z,,September
32.57,-121.77,2005-09-05T00:00:00Z,Thunnus,Albacore Tuna,alalunga,120404300,Fish,1204043,2004,2004-08-21T00:00:00Z,2006-04-11T00:00:00Z,,September
32.800003,-121.88,2005-09-06T00:00:00Z,Thunnus,Albacore Tuna,alalunga,120404300,Fish,1204043,2004,2004-08-21T00:00:00Z,2006-04-11T00:00:00Z,,September
32.949997,-121.96,2005-09-07T00:00:00Z,Thunnus,Albacore Tuna,alalunga,120404300,Fish,1204043,2004,2004-08-21T00:00:00Z,2006-04-11T00:00:00Z,,September
33.04,-121.99,2005-09-08T00:00:00Z,Thunnus,Albacore Tuna,alalunga,120404300,Fish,1204043,2004,2004-08-21T00:00:00Z,2006-04-11T00:00:00Z,,September
33.07,-121.96,2005-09-09T00:00:00Z,Thunnus,Albacore Tuna,alalunga,120404300,Fish,1204043,2004,2004-08-21T00:00:00Z,2006-04-11T00:00:00Z,,September
33.050003,-121.91,2005-09-10T00:00:00Z,Thunnus,Albacore Tuna,alalunga,120404300,Fish,1204043,2004,2004-08-21T00:00:00Z,2006-04-11T00:00:00Z,,September
33,-121.88,2005-09-11T00:00:00Z,Thunnus,Albacore Tuna,alalunga,120404300,Fish,1204043,2004,2004-08-21T00:00:00Z,2006-04-11T00:00:00Z,,September
32.93,-121.86,2005-09-12T00:00:00Z,Thunnus,Albacore Tuna,alalunga,120404300,Fish,1204043,2004,2004-08-21T00:00:00Z,2006-04-11T00:00:00Z,,September
32.86,-121.86,2005-09-13T00:00:00Z,Thunnus,Albacore Tuna,alalunga,120404300,Fish,1204043,2004,2004-08-21T00:00:00Z,2006-04-11T00:00:00Z,,September
32.78,-121.83,2005-09-14T00:00:00Z,Thunnus,Albacore Tuna,alalunga,120404300,Fish,1204043,2004,2004-08-21T00:00:00Z,2006-04-11T00:00:00Z,,September
32.699997,-121.77,2005-09-15T00:00:00Z,Thunnus,Albacore Tuna,alalunga,120404300,Fish,1204043,2004,2004-08-21T00:00:00Z,2006-04-11T00:00:00Z,,September
32.589996,-121.64,2005-09-16T00:00:00Z,Thunnus,Albacore Tuna,alalunga,120404300,Fish,1204043,2004,2004-08-21T00:00:00Z,2006-04-11T00:00:00Z,,September
32.479996,-121.44,2005-09-17T00:00:00Z,Thunnus,Albacore Tuna,alalunga,120404300,Fish,1204043,2004,2004-08-21T00:00:00Z,2006-04-11T00:00:00Z,,September
32.36,-121.22,2005-09-18T00:00:00Z,Thunnus,Albacore Tuna,alalunga,120404300,Fish,1204043,2004,2004-08-21T00:00:00Z,2006-04-11T00:00:00Z,,September
32.22,-121.03,2005-09-19T00:00:00Z,Thunnus,Albacore Tuna,alalunga,120404300,Fish,1204043,2004,2004-08-21T00:00:00Z,2006-04-11T00:00:00Z,,September
32.089996,-120.86,2005-09-20T00:00:00Z,Thunnus,Albacore Tuna,alalunga,120404300,Fish,1204043,2004,2004-08-21T00:00:00Z,2006-04-11T00:00:00Z,,September
31.970001,-120.7,2005-09-21T00:00:00Z,Thunnus,Albacore Tuna,alalunga,120404300,Fish,1204043,2004,2004-08-21T00:00:00Z,2006-04-11T00:00:00Z,,September
31.86,-120.46,2005-09-22T00:00:00Z,Thunnus,Albacore Tuna,alalunga,120404300,Fish,1204043,2004,2004-08-21T00:00:00Z,2006-04-11T00:00:00Z,,September
31.760002,-120.11,2005-09-23T00:00:00Z,Thunnus,Albacore Tuna,alalunga,120404300,Fish,1204043,2004,2004-08-21T00:00:00Z,2006-04-11T00:00:00Z,,September
31.660004,-119.69,2005-09-24T00:00:00Z,Thunnus,Albacore Tuna,alalunga,120404300,Fish,1204043,2004,2004-08-21T00:00:00Z,2006-04-11T00:00:00Z,,September
31.57,-119.25,2005-09-25T00:00:00Z,Thunnus,Albacore Tuna,alalunga,120404300,Fish,1204043,2004,2004-08-21T00:00:00Z,2006-04-11T00:00:00Z,,September
31.470001,-118.87,2005-09-26T00:00:00Z,Thunnus,Albacore Tuna,alalunga,120404300,Fish,1204043,2004,2004-08-21T00:00:00Z,2006-04-11T00:00:00Z,,September
31.379997,-118.66,2005-09-27T00:00:00Z,Thunnus,Albacore Tuna,alalunga,120404300,Fish,1204043,2004,2004-08-21T00:00:00Z,2006-04-11T00:00:00Z,,September
31.309998,-118.66,2005-09-28T00:00:00Z,Thunnus,Albacore Tuna,alalunga,120404300,Fish,1204043,2004,2004-08-21T00:00:00Z,2006-04-11T00:00:00Z,,September
31.279999,-118.89,2005-09-29T00:00:00Z,Thunnus,Albacore Tuna,alalunga,120404300,Fish,1204043,2004,2004-08-21T00:00:00Z,2006-04-11T00:00:00Z,,September
31.29,-119.27,2005-09-30T00:00:00Z,Thunnus,Albacore Tuna,alalunga,120404300,Fish,1204043,2004,2004-08-21T00:00:00Z,2006-04-11T00:00:00Z,,September
31.339996,-119.66,2005-10-01T00:00:00Z,Thunnus,Albacore Tuna,alalunga,120404300,Fish,1204043,2004,2004-08-21T00:00:00Z,2006-04-11T00:00:00Z,,October
31.440002,-119.93,2005-10-02T00:00:00Z,Thunnus,Albacore Tuna,alalunga,120404300,Fish,1204043,2004,2004-08-21T00:00:00Z,2006-04-11T00:00:00Z,,October
31.589996,-120.05,2005-10-03T00:00:00Z,Thunnus,Albacore Tuna,alalunga,120404300,Fish,1204043,2004,2004-08-21T00:00:00Z,2006-04-11T00:00:00Z,,October
31.770004,-120.07,2005-10-04T00:00:00Z,Thunnus,Albacore Tuna,alalunga,120404300,Fish,1204043,2004,2004-08-21T00:00:00Z,2006-04-11T00:00:00Z,,October
31.940002,-120.06,2005-10-05T00:00:00Z,Thunnus,Albacore Tuna,alalunga,120404300,Fish,1204043,2004,2004-08-21T00:00:00Z,2006-04-11T00:00:00Z,,October
32.059998,-120.13,2005-10-06T00:00:00Z,Thunnus,Albacore Tuna,alalunga,120404300,Fish,1204043,2004,2004-08-21T00:00:00Z,2006-04-11T00:00:00Z,,October
32.11,-120.32,2005-10-07T00:00:00Z,Thunnus,Albacore Tuna,alalunga,120404300,Fish,1204043,2004,2004-08-21T00:00:00Z,2006-04-11T00:00:00Z,,October
32.08,-120.49,2005-10-08T00:00:00Z,Thunnus,Albacore Tuna,alalunga,120404300,Fish,1204043,2004,2004-08-21T00:00:00Z,2006-04-11T00:00:00Z,,October
32.020004,-120.65,2005-10-09T00:00:00Z,Thunnus,Albacore Tuna,alalunga,120404300,Fish,1204043,2004,2004-08-21T00:00:00Z,2006-04-11T00:00:00Z,,October
31.96,-120.76,2005-10-10T00:00:00Z,Thunnus,Albacore Tuna,alalunga,120404300,Fish,1204043,2004,2004-08-21T00:00:00Z,2006-04-11T00:00:00Z,,October
31.910004,-120.76,2005-10-11T00:00:00Z,Thunnus,Albacore Tuna,alalunga,120404300,Fish,1204043,2004,2004-08-21T00:00:00Z,2006-04-11T00:00:00Z,,October
31.86,-120.68,2005-10-12T00:00:00Z,Thunnus,Albacore Tuna,alalunga,120404300,Fish,1204043,2004,2004-08-21T00:00:00Z,2006-04-11T00:00:00Z,,October
31.82,-120.59,2005-10-13T00:00:00Z,Thunnus,Albacore Tuna,alalunga,120404300,Fish,1204043,2004,2004-08-21T00:00:00Z,2006-04-11T00:00:00Z,,October
31.779999,-120.52,2005-10-14T00:00:00Z,Thunnus,Albacore Tuna,alalunga,120404300,Fish,1204043,2004,2004-08-21T00:00:00Z,2006-04-11T00:00:00Z,,October
31.75,-120.5,2005-10-15T00:00:00Z,Thunnus,Albacore Tuna,alalunga,120404300,Fish,1204043,2004,2004-08-21T00:00:00Z,2006-04-11T00:00:00Z,,October
31.71,-120.46,2005-10-16T00:00:00Z,Thunnus,Albacore Tuna,alalunga,120404300,Fish,1204043,2004,2004-08-21T00:00:00Z,2006-04-11T00:00:00Z,,October
31.669998,-120.36,2005-10-17T00:00:00Z,Thunnus,Albacore Tuna,alalunga,120404300,Fish,1204043,2004,2004-08-21T00:00:00Z,2006-04-11T00:00:00Z,,October
31.620003,-120.24,2005-10-18T00:00:00Z,Thunnus,Albacore Tuna,alalunga,120404300,Fish,1204043,2004,2004-08-21T00:00:00Z,2006-04-11T00:00:00Z,,October
31.57,-120.1,2005-10-19T00:00:00Z,Thunnus,Albacore Tuna,alalunga,120404300,Fish,1204043,2004,2004-08-21T00:00:00Z,2006-04-11T00:00:00Z,,October
31.510002,-119.91,2005-10-20T00:00:00Z,Thunnus,Albacore Tuna,alalunga,120404300,Fish,1204043,2004,2004-08-21T00:00:00Z,2006-04-11T00:00:00Z,,October
31.43,-119.69,2005-10-21T00:00:00Z,Thunnus,Albacore Tuna,alalunga,120404300,Fish,1204043,2004,2004-08-21T00:00:00Z,2006-04-11T00:00:00Z,,October
31.339996,-119.5,2005-10-22T00:00:00Z,Thunnus,Albacore Tuna,alalunga,120404300,Fish,1204043,2004,2004-08-21T00:00:00Z,2006-04-11T00:00:00Z,,October
31.220001,-119.34,2005-10-23T00:00:00Z,Thunnus,Albacore Tuna,alalunga,120404300,Fish,1204043,2004,2004-08-21T00:00:00Z,2006-04-11T00:00:00Z,,October
31.089996,-119.26,2005-10-24T00:00:00Z,Thunnus,Albacore Tuna,alalunga,120404300,Fish,1204043,2004,2004-08-21T00:00:00Z,2006-04-11T00:00:00Z,,October
30.970001,-119.23,2005-10-25T00:00:00Z,Thunnus,Albacore Tuna,alalunga,120404300,Fish,1204043,2004,2004-08-21T00:00:00Z,2006-04-11T00:00:00Z,,October
30.870003,-119.27,2005-10-26T00:00:00Z,Thunnus,Albacore Tuna,alalunga,120404300,Fish,1204043,2004,2004-08-21T00:00:00Z,2006-04-11T00:00:00Z,,October
30.79,-119.34,2005-10-27T00:00:00Z,Thunnus,Albacore Tuna,alalunga,120404300,Fish,1204043,2004,2004-08-21T00:00:00Z,2006-04-11T00:00:00Z,,October
30.75,-119.42,2005-10-28T00:00:00Z,Thunnus,Albacore Tuna,alalunga,120404300,Fish,1204043,2004,2004-08-21T00:00:00Z,2006-04-11T00:00:00Z,,October
30.729996,-119.45,2005-10-29T00:00:00Z,Thunnus,Albacore Tuna,alalunga,120404300,Fish,1204043,2004,2004-08-21T00:00:00Z,2006-04-11T00:00:00Z,,October
30.739998,-119.38,2005-10-30T00:00:00Z,Thunnus,Albacore Tuna,alalunga,120404300,Fish,1204043,2004,2004-08-21T00:00:00Z,2006-04-11T00:00:00Z,,October
30.770004,-119.23,2005-10-31T00:00:00Z,Thunnus,Albacore Tuna,alalunga,120404300,Fish,1204043,2004,2004-08-21T00:00:00Z,2006-04-11T00:00:00Z,,October
30.82,-119.03,2005-11-01T00:00:00Z,Thunnus,Albacore Tuna,alalunga,120404300,Fish,1204043,2004,2004-08-21T00:00:00Z,2006-04-11T00:00:00Z,,November
30.89,-118.82,2005-11-02T00:00:00Z,Thunnus,Albacore Tuna,alalunga,120404300,Fish,1204043,2004,2004-08-21T00:00:00Z,2006-04-11T00:00:00Z,,November
30.989998,-118.64,2005-11-03T00:00:00Z,Thunnus,Albacore Tuna,alalunga,120404300,Fish,1204043,2004,2004-08-21T00:00:00Z,2006-04-11T00:00:00Z,,November
31.089996,-118.59,2005-11-04T00:00:00Z,Thunnus,Albacore Tuna,alalunga,120404300,Fish,1204043,2004,2004-08-21T00:00:00Z,2006-04-11T00:00:00Z,,November
31.18,-118.67,2005-11-05T00:00:00Z,Thunnus,Albacore Tuna,alalunga,120404300,Fish,1204043,2004,2004-08-21T00:00:00Z,2006-04-11T00:00:00Z,,November
31.229996,-118.9,2005-11-06T00:00:00Z,Thunnus,Albacore Tuna,alalunga,120404300,Fish,1204043,2004,2004-08-21T00:00:00Z,2006-04-11T00:00:00Z,,November
31.229996,-119.14,2005-11-07T00:00:00Z,Thunnus,Albacore Tuna,alalunga,120404300,Fish,1204043,2004,2004-08-21T00:00:00Z,2006-04-11T00:00:00Z,,November
31.190002,-119.32,2005-11-08T00:00:00Z,Thunnus,Albacore Tuna,alalunga,120404300,Fish,1204043,2004,2004-08-21T00:00:00Z,2006-04-11T00:00:00Z,,November
31.099998,-119.38,2005-11-09T00:00:00Z,Thunnus,Albacore Tuna,alalunga,120404300,Fish,1204043,2004,2004-08-21T00:00:00Z,2006-04-11T00:00:00Z,,November
31,-119.25,2005-11-10T00:00:00Z,Thunnus,Albacore Tuna,alalunga,120404300,Fish,1204043,2004,2004-08-21T00:00:00Z,2006-04-11T00:00:00Z,,November
30.879997,-118.95,2005-11-11T00:00:00Z,Thunnus,Albacore Tuna,alalunga,120404300,Fish,1204043,2004,2004-08-21T00:00:00Z,2006-04-11T00:00:00Z,,November
30.760002,-118.54,2005-11-12T00:00:00Z,Thunnus,Albacore Tuna,alalunga,120404300,Fish,1204043,2004,2004-08-21T00:00:00Z,2006-04-11T00:00:00Z,,November
30.64,-118.1,2005-11-13T00:00:00Z,Thunnus,Albacore Tuna,alalunga,120404300,Fish,1204043,2004,2004-08-21T00:00:00Z,2006-04-11T00:00:00Z,,November
30.510002,-117.73,2005-11-14T00:00:00Z,Thunnus,Albacore Tuna,alalunga,120404300,Fish,1204043,2004,2004-08-21T00:00:00Z,2006-04-11T00:00:00Z,,November
30.419998,-117.49,2005-11-15T00:00:00Z,Thunnus,Albacore Tuna,alalunga,120404300,Fish,1204043,2004,2004-08-21T00:00:00Z,2006-04-11T00:00:00Z,,November
30.330002,-117.37,2005-11-16T00:00:00Z,Thunnus,Albacore Tuna,alalunga,120404300,Fish,1204043,2004,2004-08-21T00:00:00Z,2006-04-11T00:00:00Z,,November
30.260002,-117.35,2005-11-17T00:00:00Z,Thunnus,Albacore Tuna,alalunga,120404300,Fish,1204043,2004,2004-08-21T00:00:00Z,2006-04-11T00:00:00Z,,November
30.199997,-117.42,2005-11-18T00:00:00Z,Thunnus,Albacore Tuna,alalunga,120404300,Fish,1204043,2004,2004-08-21T00:00:00Z,2006-04-11T00:00:00Z,,November
30.129997,-117.52,2005-11-19T00:00:00Z,Thunnus,Albacore Tuna,alalunga,120404300,Fish,1204043,2004,2004-08-21T00:00:00Z,2006-04-11T00:00:00Z,,November
30.04,-117.58,2005-11-20T00:00:00Z,Thunnus,Albacore Tuna,alalunga,120404300,Fish,1204043,2004,2004-08-21T00:00:00Z,2006-04-11T00:00:00Z,,November
29.93,-117.58,2005-11-21T00:00:00Z,Thunnus,Albacore Tuna,alalunga,120404300,Fish,1204043,2004,2004-08-21T00:00:00Z,2006-04-11T00:00:00Z,,November
29.770004,-117.45,2005-11-22T00:00:00Z,Thunnus,Albacore Tuna,alalunga,120404300,Fish,1204043,2004,2004-08-21T00:00:00Z,2006-04-11T00:00:00Z,,November
29.57,-117.19,2005-11-23T00:00:00Z,Thunnus,Albacore Tuna,alalunga,120404300,Fish,1204043,2004,2004-08-21T00:00:00Z,2006-04-11T00:00:00Z,,November
29.309998,-116.84,2005-11-24T00:00:00Z,Thunnus,Albacore Tuna,alalunga,120404300,Fish,1204043,2004,2004-08-21T00:00:00Z,2006-04-11T00:00:00Z,,November
29.010002,-116.46,2005-11-25T00:00:00Z,Thunnus,Albacore Tuna,alalunga,120404300,Fish,1204043,2004,2004-08-21T00:00:00Z,2006-04-11T00:00:00Z,,November
28.71,-116.14,2005-11-26T00:00:00Z,Thunnus,Albacore Tuna,alalunga,120404300,Fish,1204043,2004,2004-08-21T00:00:00Z,2006-04-11T00:00:00Z,,November
28.449997,-115.89,2005-11-27T00:00:00Z,Thunnus,Albacore Tuna,alalunga,120404300,Fish,1204043,2004,2004-08-21T00:00:00Z,2006-04-11T00:00:00Z,,November
28.220001,-115.74,2005-11-28T00:00:00Z,Thunnus,Albacore Tuna,alalunga,120404300,Fish,1204043,2004,2004-08-21T00:00:00Z,2006-04-11T00:00:00Z,,November
28.029999,-115.72,2005-11-29T00:00:00Z,Thunnus,Albacore Tuna,alalunga,120404300,Fish,1204043,2004,2004-08-21T00:00:00Z,2006-04-11T00:00:00Z,,November
27.879997,-115.83,2005-11-30T00:00:00Z,Thunnus,Albacore Tuna,alalunga,120404300,Fish,1204043,2004,2004-08-21T00:00:00Z,2006-04-11T00:00:00Z,,November
27.770004,-116.02,2005-12-01T00:00:00Z,Thunnus,Albacore Tuna,alalunga,120404300,Fish,1204043,2004,2004-08-21T00:00:00Z,2006-04-11T00:00:00Z,,December
27.720001,-116.18,2005-12-02T00:00:00Z,Thunnus,Albacore Tuna,alalunga,120404300,Fish,1204043,2004,2004-08-21T00:00:00Z,2006-04-11T00:00:00Z,,December
27.699997,-116.33,2005-12-03T00:00:00Z,Thunnus,Albacore Tuna,alalunga,120404300,Fish,1204043,2004,2004-08-21T00:00:00Z,2006-04-11T00:00:00Z,,December
27.739998,-116.47,2005-12-04T00:00:00Z,Thunnus,Albacore Tuna,alalunga,120404300,Fish,1204043,2004,2004-08-21T00:00:00Z,2006-04-11T00:00:00Z,,December
27.82,-116.61,2005-12-05T00:00:00Z,Thunnus,Albacore Tuna,alalunga,120404300,Fish,1204043,2004,2004-08-21T00:00:00Z,2006-04-11T00:00:00Z,,December
27.93,-116.73,2005-12-06T00:00:00Z,Thunnus,Albacore Tuna,alalunga,120404300,Fish,1204043,2004,2004-08-21T00:00:00Z,2006-04-11T00:00:00Z,,December
28.029999,-116.82,2005-12-07T00:00:00Z,Thunnus,Albacore Tuna,alalunga,120404300,Fish,1204043,2004,2004-08-21T00:00:00Z,2006-04-11T00:00:00Z,,December
28.120003,-116.87,2005-12-08T00:00:00Z,Thunnus,Albacore Tuna,alalunga,120404300,Fish,1204043,2004,2004-08-21T00:00:00Z,2006-04-11T00:00:00Z,,December
28.21,-116.89,2005-12-09T00:00:00Z,Thunnus,Albacore Tuna,alalunga,120404300,Fish,1204043,2004,2004-08-21T00:00:00Z,2006-04-11T00:00:00Z,,December
28.29,-116.9,2005-12-10T00:00:00Z,Thunnus,Albacore Tuna,alalunga,120404300,Fish,1204043,2004,2004-08-21T00:00:00Z,2006-04-11T00:00:00Z,,December
28.349998,-116.89,2005-12-11T00:00:00Z,Thunnus,Albacore Tuna,alalunga,120404300,Fish,1204043,2004,2004-08-21T00:00:00Z,2006-04-11T00:00:00Z,,December
28.39,-116.87,2005-12-12T00:00:00Z,Thunnus,Albacore Tuna,alalunga,120404300,Fish,1204043,2004,2004-08-21T00:00:00Z,2006-04-11T00:00:00Z,,December
28.39,-116.85,2005-12-13T00:00:00Z,Thunnus,Albacore Tuna,alalunga,120404300,Fish,1204043,2004,2004-08-21T00:00:00Z,2006-04-11T00:00:00Z,,December
28.349998,-116.83,2005-12-14T00:00:00Z,Thunnus,Albacore Tuna,alalunga,120404300,Fish,1204043,2004,2004-08-21T00:00:00Z,2006-04-11T00:00:00Z,,December
28.279999,-116.79,2005-12-15T00:00:00Z,Thunnus,Albacore Tuna,alalunga,120404300,Fish,1204043,2004,2004-08-21T00:00:00Z,2006-04-11T00:00:00Z,,December
28.190002,-116.73,2005-12-16T00:00:00Z,Thunnus,Albacore Tuna,alalunga,120404300,Fish,1204043,2004,2004-08-21T00:00:00Z,2006-04-11T00:00:00Z,,December
28.07,-116.65,2005-12-17T00:00:00Z,Thunnus,Albacore Tuna,alalunga,120404300,Fish,1204043,2004,2004-08-21T00:00:00Z,2006-04-11T00:00:00Z,,December
27.940002,-116.56,2005-12-18T00:00:00Z,Thunnus,Albacore Tuna,alalunga,120404300,Fish,1204043,2004,2004-08-21T00:00:00Z,2006-04-11T00:00:00Z,,December
27.809998,-116.45,2005-12-19T00:00:00Z,Thunnus,Albacore Tuna,alalunga,120404300,Fish,1204043,2004,2004-08-21T00:00:00Z,2006-04-11T00:00:00Z,,December
27.669998,-116.33,2005-12-20T00:00:00Z,Thunnus,Albacore Tuna,alalunga,120404300,Fish,1204043,2004,2004-08-21T00:00:00Z,2006-04-11T00:00:00Z,,December
27.510002,-116.25,2005-12-21T00:00:00Z,Thunnus,Albacore Tuna,alalunga,120404300,Fish,1204043,2004,2004-08-21T00:00:00Z,2006-04-11T00:00:00Z,,December
27.36,-116.26,2005-12-22T00:00:00Z,Thunnus,Albacore Tuna,alalunga,120404300,Fish,1204043,2004,2004-08-21T00:00:00Z,2006-04-11T00:00:00Z,,December
27.199997,-116.31,2005-12-23T00:00:00Z,Thunnus,Albacore Tuna,alalunga,120404300,Fish,1204043,2004,2004-08-21T00:00:00Z,2006-04-11T00:00:00Z,,December
27.050003,-116.35,2005-12-24T00:00:00Z,Thunnus,Albacore Tuna,alalunga,120404300,Fish,1204043,2004,2004-08-21T00:00:00Z,2006-04-11T00:00:00Z,,December
26.93,-116.35,2005-12-25T00:00:00Z,Thunnus,Albacore Tuna,alalunga,120404300,Fish,1204043,2004,2004-08-21T00:00:00Z,2006-04-11T00:00:00Z,,December
26.82,-116.33,2005-12-26T00:00:00Z,Thunnus,Albacore Tuna,alalunga,120404300,Fish,1204043,2004,2004-08-21T00:00:00Z,2006-04-11T00:00:00Z,,December
26.729996,-116.29,2005-12-27T00:00:00Z,Thunnus,Albacore Tuna,alalunga,120404300,Fish,1204043,2004,2004-08-21T00:00:00Z,2006-04-11T00:00:00Z,,December
26.690002,-116.25,2005-12-28T00:00:00Z,Thunnus,Albacore Tuna,alalunga,120404300,Fish,1204043,2004,2004-08-21T00:00:00Z,2006-04-11T00:00:00Z,,December
26.669998,-116.24,2005-12-29T00:00:00Z,Thunnus,Albacore Tuna,alalunga,120404300,Fish,1204043,2004,2004-08-21T00:00:00Z,2006-04-11T00:00:00Z,,December
26.690002,-116.25,2005-12-30T00:00:00Z,Thunnus,Albacore Tuna,alalunga,120404300,Fish,1204043,2004,2004-08-21T00:00:00Z,2006-04-11T00:00:00Z,,December
26.71,-116.27,2005-12-31T00:00:00Z,Thunnus,Albacore Tuna,alalunga,120404300,Fish,1204043,2004,2004-08-21T00:00:00Z,2006-04-11T00:00:00Z,,December
26.75,-116.28,2006-01-01T00:00:00Z,Thunnus,Albacore Tuna,alalunga,120404300,Fish,1204043,2004,2004-08-21T00:00:00Z,2006-04-11T00:00:00Z,,January
26.79,-116.28,2006-01-02T00:00:00Z,Thunnus,Albacore Tuna,alalunga,120404300,Fish,1204043,2004,2004-08-21T00:00:00Z,2006-04-11T00:00:00Z,,January
26.809998,-116.27,2006-01-03T00:00:00Z,Thunnus,Albacore Tuna,alalunga,120404300,Fish,1204043,2004,2004-08-21T00:00:00Z,2006-04-11T00:00:00Z,,January
26.82,-116.27,2006-01-04T00:00:00Z,Thunnus,Albacore Tuna,alalunga,120404300,Fish,1204043,2004,2004-08-21T00:00:00Z,2006-04-11T00:00:00Z,,January
26.809998,-116.27,2006-01-05T00:00:00Z,Thunnus,Albacore Tuna,alalunga,120404300,Fish,1204043,2004,2004-08-21T00:00:00Z,2006-04-11T00:00:00Z,,January
26.760002,-116.3,2006-01-06T00:00:00Z,Thunnus,Albacore Tuna,alalunga,120404300,Fish,1204043,2004,2004-08-21T00:00:00Z,2006-04-11T00:00:00Z,,January
26.68,-116.35,2006-01-07T00:00:00Z,Thunnus,Albacore Tuna,alalunga,120404300,Fish,1204043,2004,2004-08-21T00:00:00Z,2006-04-11T00:00:00Z,,January
26.559998,-116.41,2006-01-08T00:00:00Z,Thunnus,Albacore Tuna,alalunga,120404300,Fish,1204043,2004,2004-08-21T00:00:00Z,2006-04-11T00:00:00Z,,January
26.39,-116.47,2006-01-09T00:00:00Z,Thunnus,Albacore Tuna,alalunga,120404300,Fish,1204043,2004,2004-08-21T00:00:00Z,2006-04-11T00:00:00Z,,January
26.21,-116.53,2006-01-10T00:00:00Z,Thunnus,Albacore Tuna,alalunga,120404300,Fish,1204043,2004,2004-08-21T00:00:00Z,2006-04-11T00:00:00Z,,January
26.050003,-116.6,2006-01-11T00:00:00Z,Thunnus,Albacore Tuna,alalunga,120404300,Fish,1204043,2004,2004-08-21T00:00:00Z,2006-04-11T00:00:00Z,,January
25.93,-116.63,2006-01-12T00:00:00Z,Thunnus,Albacore Tuna,alalunga,120404300,Fish,1204043,2004,2004-08-21T00:00:00Z,2006-04-11T00:00:00Z,,January
25.86,-116.58,2006-01-13T00:00:00Z,Thunnus,Albacore Tuna,alalunga,120404300,Fish,1204043,2004,2004-08-21T00:00:00Z,2006-04-11T00:00:00Z,,January
25.830002,-116.5,2006-01-14T00:00:00Z,Thunnus,Albacore Tuna,alalunga,120404300,Fish,1204043,2004,2004-08-21T00:00:00Z,2006-04-11T00:00:00Z,,January
25.839996,-116.39,2006-01-15T00:00:00Z,Thunnus,Albacore Tuna,alalunga,120404300,Fish,1204043,2004,2004-08-21T00:00:00Z,2006-04-11T00:00:00Z,,January
25.89,-116.27,2006-01-16T00:00:00Z,Thunnus,Albacore Tuna,alalunga,120404300,Fish,1204043,2004,2004-08-21T00:00:00Z,2006-04-11T00:00:00Z,,January
25.979996,-116.16,2006-01-17T00:00:00Z,Thunnus,Albacore Tuna,alalunga,120404300,Fish,1204043,2004,2004-08-21T00:00:00Z,2006-04-11T00:00:00Z,,January
26.080002,-116.08,2006-01-18T00:00:00Z,Thunnus,Albacore Tuna,alalunga,120404300,Fish,1204043,2004,2004-08-21T00:00:00Z,2006-04-11T00:00:00Z,,January
26.190002,-116.03,2006-01-19T00:00:00Z,Thunnus,Albacore Tuna,alalunga,120404300,Fish,1204043,2004,2004-08-21T00:00:00Z,2006-04-11T00:00:00Z,,January
26.309998,-115.98,2006-01-20T00:00:00Z,Thunnus,Albacore Tuna,alalunga,120404300,Fish,1204043,2004,2004-08-21T00:00:00Z,2006-04-11T00:00:00Z,,January
26.410004,-115.91,2006-01-21T00:00:00Z,Thunnus,Albacore Tuna,alalunga,120404300,Fish,1204043,2004,2004-08-21T00:00:00Z,2006-04-11T00:00:00Z,,January
26.5,-115.84,2006-01-22T00:00:00Z,Thunnus,Albacore Tuna,alalunga,120404300,Fish,1204043,2004,2004-08-21T00:00:00Z,2006-04-11T00:00:00Z,,January
26.57,-115.77,2006-01-23T00:00:00Z,Thunnus,Albacore Tuna,alalunga,120404300,Fish,1204043,2004,2004-08-21T00:00:00Z,2006-04-11T00:00:00Z,,January
26.629997,-115.71,2006-01-24T00:00:00Z,Thunnus,Albacore Tuna,alalunga,120404300,Fish,1204043,2004,2004-08-21T00:00:00Z,2006-04-11T00:00:00Z,,January
26.68,-115.65,2006-01-25T00:00:00Z,Thunnus,Albacore Tuna,alalunga,120404300,Fish,1204043,2004,2004-08-21T00:00:00Z,2006-04-11T00:00:00Z,,January
26.720001,-115.57,2006-01-26T00:00:00Z,Thunnus,Albacore Tuna,alalunga,120404300,Fish,1204043,2004,2004-08-21T00:00:00Z,2006-04-11T00:00:00Z,,January
26.75,-115.5,2006-01-27T00:00:00Z,Thunnus,Albacore Tuna,alalunga,120404300,Fish,1204043,2004,2004-08-21T00:00:00Z,2006-04-11T00:00:00Z,,January
26.760002,-115.46,2006-01-28T00:00:00Z,Thunnus,Albacore Tuna,alalunga,120404300,Fish,1204043,2004,2004-08-21T00:00:00Z,2006-04-11T00:00:00Z,,January
26.770004,-115.49,2006-01-29T00:00:00Z,Thunnus,Albacore Tuna,alalunga,120404300,Fish,1204043,2004,2004-08-21T00:00:00Z,2006-04-11T00:00:00Z,,January
26.760002,-115.51,2006-01-30T00:00:00Z,Thunnus,Albacore Tuna,alalunga,120404300,Fish,1204043,2004,2004-08-21T00:00:00Z,2006-04-11T00:00:00Z,,January
26.75,-115.48,2006-01-31T00:00:00Z,Thunnus,Albacore Tuna,alalunga,120404300,Fish,1204043,2004,2004-08-21T00:00:00Z,2006-04-11T00:00:00Z,,January
26.729996,-115.43,2006-02-01T00:00:00Z,Thunnus,Albacore Tuna,alalunga,120404300,Fish,1204043,2004,2004-08-21T00:00:00Z,2006-04-11T00:00:00Z,,February
26.690002,-115.35,2006-02-02T00:00:00Z,Thunnus,Albacore Tuna,alalunga,120404300,Fish,1204043,2004,2004-08-21T00:00:00Z,2006-04-11T00:00:00Z,,February
26.660004,-115.29,2006-02-03T00:00:00Z,Thunnus,Albacore Tuna,alalunga,120404300,Fish,1204043,2004,2004-08-21T00:00:00Z,2006-04-11T00:00:00Z,,February
26.599998,-115.24,2006-02-04T00:00:00Z,Thunnus,Albacore Tuna,alalunga,120404300,Fish,1204043,2004,2004-08-21T00:00:00Z,2006-04-11T00:00:00Z,,February
26.529999,-115.2,2006-02-05T00:00:00Z,Thunnus,Albacore Tuna,alalunga,120404300,Fish,1204043,2004,2004-08-21T00:00:00Z,2006-04-11T00:00:00Z,,February
26.470001,-115.25,2006-02-06T00:00:00Z,Thunnus,Albacore Tuna,alalunga,120404300,Fish,1204043,2004,2004-08-21T00:00:00Z,2006-04-11T00:00:00Z,,February
26.43,-115.32,2006-02-07T00:00:00Z,Thunnus,Albacore Tuna,alalunga,120404300,Fish,1204043,2004,2004-08-21T00:00:00Z,2006-04-11T00:00:00Z,,February
26.419998,-115.38,2006-02-08T00:00:00Z,Thunnus,Albacore Tuna,alalunga,120404300,Fish,1204043,2004,2004-08-21T00:00:00Z,2006-04-11T00:00:00Z,,February
26.43,-115.42,2006-02-09T00:00:00Z,Thunnus,Albacore Tuna,alalunga,120404300,Fish,1204043,2004,2004-08-21T00:00:00Z,2006-04-11T00:00:00Z,,February
26.43,-115.41,2006-02-10T00:00:00Z,Thunnus,Albacore Tuna,alalunga,120404300,Fish,1204043,2004,2004-08-21T00:00:00Z,2006-04-11T00:00:00Z,,February
26.43,-115.36,2006-02-11T00:00:00Z,Thunnus,Albacore Tuna,alalunga,120404300,Fish,1204043,2004,2004-08-21T00:00:00Z,2006-04-11T00:00:00Z,,February
26.39,-115.27,2006-02-12T00:00:00Z,Thunnus,Albacore Tuna,alalunga,120404300,Fish,1204043,2004,2004-08-21T00:00:00Z,2006-04-11T00:00:00Z,,February
26.339996,-115.13,2006-02-13T00:00:00Z,Thunnus,Albacore Tuna,alalunga,120404300,Fish,1204043,2004,2004-08-21T00:00:00Z,2006-04-11T00:00:00Z,,February
26.260002,-114.94,2006-02-14T00:00:00Z,Thunnus,Albacore Tuna,alalunga,120404300,Fish,1204043,2004,2004-08-21T00:00:00Z,2006-04-11T00:00:00Z,,February
26.160004,-114.71,2006-02-15T00:00:00Z,Thunnus,Albacore Tuna,alalunga,120404300,Fish,1204043,2004,2004-08-21T00:00:00Z,2006-04-11T00:00:00Z,,February
26.059998,-114.42,2006-02-16T00:00:00Z,Thunnus,Albacore Tuna,alalunga,120404300,Fish,1204043,2004,2004-08-21T00:00:00Z,2006-04-11T00:00:00Z,,February
25.949997,-114.14,2006-02-17T00:00:00Z,Thunnus,Albacore Tuna,alalunga,120404300,Fish,1204043,2004,2004-08-21T00:00:00Z,2006-04-11T00:00:00Z,,February
25.849998,-113.91,2006-02-18T00:00:00Z,Thunnus,Albacore Tuna,alalunga,120404300,Fish,1204043,2004,2004-08-21T00:00:00Z,2006-04-11T00:00:00Z,,February
25.779999,-113.77,2006-02-19T00:00:00Z,Thunnus,Albacore Tuna,alalunga,120404300,Fish,1204043,2004,2004-08-21T00:00:00Z,2006-04-11T00:00:00Z,,February
25.760002,-113.72,2006-02-20T00:00:00Z,Thunnus,Albacore Tuna,alalunga,120404300,Fish,1204043,2004,2004-08-21T00:00:00Z,2006-04-11T00:00:00Z,,February
25.760002,-113.7,2006-02-21T00:00:00Z,Thunnus,Albacore Tuna,alalunga,120404300,Fish,1204043,2004,2004-08-21T00:00:00Z,2006-04-11T00:00:00Z,,February
25.760002,-113.67,2006-02-22T00:00:00Z,Thunnus,Albacore Tuna,alalunga,120404300,Fish,1204043,2004,2004-08-21T00:00:00Z,2006-04-11T00:00:00Z,,February
25.75,-113.63,2006-02-23T00:00:00Z,Thunnus,Albacore Tuna,alalunga,120404300,Fish,1204043,2004,2004-08-21T00:00:00Z,2006-04-11T00:00:00Z,,February
25.720001,-113.61,2006-02-24T00:00:00Z,Thunnus,Albacore Tuna,alalunga,120404300,Fish,1204043,2004,2004-08-21T00:00:00Z,2006-04-11T00:00:00Z,,February
25.669998,-113.62,2006-02-25T00:00:00Z,Thunnus,Albacore Tuna,alalunga,120404300,Fish,1204043,2004,2004-08-21T00:00:00Z,2006-04-11T00:00:00Z,,February
25.61,-113.65,2006-02-26T00:00:00Z,Thunnus,Albacore Tuna,alalunga,120404300,Fish,1204043,2004,2004-08-21T00:00:00Z,2006-04-11T00:00:00Z,,February
25.550003,-113.7,2006-02-27T00:00:00Z,Thunnus,Albacore Tuna,alalunga,120404300,Fish,1204043,2004,2004-08-21T00:00:00Z,2006-04-11T00:00:00Z,,February
25.470001,-113.74,2006-02-28T00:00:00Z,Thunnus,Albacore Tuna,alalunga,120404300,Fish,1204043,2004,2004-08-21T00:00:00Z,2006-04-11T00:00:00Z,,February
25.400002,-113.76,2006-03-01T00:00:00Z,Thunnus,Albacore Tuna,alalunga,120404300,Fish,1204043,2004,2004-08-21T00:00:00Z,2006-04-11T00:00:00Z,,March
25.32,-113.81,2006-03-02T00:00:00Z,Thunnus,Albacore Tuna,alalunga,120404300,Fish,1204043,2004,2004-08-21T00:00:00Z,2006-04-11T00:00:00Z,,March
25.239998,-113.81,2006-03-03T00:00:00Z,Thunnus,Albacore Tuna,alalunga,120404300,Fish,1204043,2004,2004-08-21T00:00:00Z,2006-04-11T00:00:00Z,,March
25.160004,-113.75,2006-03-04T00:00:00Z,Thunnus,Albacore Tuna,alalunga,120404300,Fish,1204043,2004,2004-08-21T00:00:00Z,2006-04-11T00:00:00Z,,March
25.099998,-113.67,2006-03-05T00:00:00Z,Thunnus,Albacore Tuna,alalunga,120404300,Fish,1204043,2004,2004-08-21T00:00:00Z,2006-04-11T00:00:00Z,,March
25.07,-113.61,2006-03-06T00:00:00Z,Thunnus,Albacore Tuna,alalunga,120404300,Fish,1204043,2004,2004-08-21T00:00:00Z,2006-04-11T00:00:00Z,,March
25.050003,-113.58,2006-03-07T00:00:00Z,Thunnus,Albacore Tuna,alalunga,120404300,Fish,1204043,2004,2004-08-21T00:00:00Z,2006-04-11T00:00:00Z,,March
25.04,-113.59,2006-03-08T00:00:00Z,Thunnus,Albacore Tuna,alalunga,120404300,Fish,1204043,2004,2004-08-21T00:00:00Z,2006-04-11T00:00:00Z,,March
25.04,-113.63,2006-03-09T00:00:00Z,Thunnus,Albacore Tuna,alalunga,120404300,Fish,1204043,2004,2004-08-21T00:00:00Z,2006-04-11T00:00:00Z,,March
25.04,-113.66,2006-03-10T00:00:00Z,Thunnus,Albacore Tuna,alalunga,120404300,Fish,1204043,2004,2004-08-21T00:00:00Z,2006-04-11T00:00:00Z,,March
25.050003,-113.69,2006-03-11T00:00:00Z,Thunnus,Albacore Tuna,alalunga,120404300,Fish,1204043,2004,2004-08-21T00:00:00Z,2006-04-11T00:00:00Z,,March
25.050003,-113.69,2006-03-12T00:00:00Z,Thunnus,Albacore Tuna,alalunga,120404300,Fish,1204043,2004,2004-08-21T00:00:00Z,2006-04-11T00:00:00Z,,March
25.059998,-113.69,2006-03-13T00:00:00Z,Thunnus,Albacore Tuna,alalunga,120404300,Fish,1204043,2004,2004-08-21T00:00:00Z,2006-04-11T00:00:00Z,,March
25.07,-113.72,2006-03-14T00:00:00Z,Thunnus,Albacore Tuna,alalunga,120404300,Fish,1204043,2004,2004-08-21T00:00:00Z,2006-04-11T00:00:00Z,,March
25.07,-113.78,2006-03-15T00:00:00Z,Thunnus,Albacore Tuna,alalunga,120404300,Fish,1204043,2004,2004-08-21T00:00:00Z,2006-04-11T00:00:00Z,,March
25.07,-113.88,2006-03-16T00:00:00Z,Thunnus,Albacore Tuna,alalunga,120404300,Fish,1204043,2004,2004-08-21T00:00:00Z,2006-04-11T00:00:00Z,,March
25.059998,-113.99,2006-03-17T00:00:00Z,Thunnus,Albacore Tuna,alalunga,120404300,Fish,1204043,2004,2004-08-21T00:00:00Z,2006-04-11T00:00:00Z,,March
25.04,-114.1,2006-03-18T00:00:00Z,Thunnus,Albacore Tuna,alalunga,120404300,Fish,1204043,2004,2004-08-21T00:00:00Z,2006-04-11T00:00:00Z,,March
25,-114.13,2006-03-19T00:00:00Z,Thunnus,Albacore Tuna,alalunga,120404300,Fish,1204043,2004,2004-08-21T00:00:00Z,2006-04-11T00:00:00Z,,March
24.93,-114.09,2006-03-20T00:00:00Z,Thunnus,Albacore Tuna,alalunga,120404300,Fish,1204043,2004,2004-08-21T00:00:00Z,2006-04-11T00:00:00Z,,March
24.839996,-113.99,2006-03-21T00:00:00Z,Thunnus,Albacore Tuna,alalunga,120404300,Fish,1204043,2004,2004-08-21T00:00:00Z,2006-04-11T00:00:00Z,,March
24.739998,-113.88,2006-03-22T00:00:00Z,Thunnus,Albacore Tuna,alalunga,120404300,Fish,1204043,2004,2004-08-21T00:00:00Z,2006-04-11T00:00:00Z,,March
24.650002,-113.77,2006-03-23T00:00:00Z,Thunnus,Albacore Tuna,alalunga,120404300,Fish,1204043,2004,2004-08-21T00:00:00Z,2006-04-11T00:00:00Z,,March
24.57,-113.7,2006-03-24T00:00:00Z,Thunnus,Albacore Tuna,alalunga,120404300,Fish,1204043,2004,2004-08-21T00:00:00Z,2006-04-11T00:00:00Z,,March
24.529999,-113.65,2006-03-25T00:00:00Z,Thunnus,Albacore Tuna,alalunga,120404300,Fish,1204043,2004,2004-08-21T00:00:00Z,2006-04-11T00:00:00Z,,March
24.510002,-113.62,2006-03-26T00:00:00Z,Thunnus,Albacore Tuna,alalunga,120404300,Fish,1204043,2004,2004-08-21T00:00:00Z,2006-04-11T00:00:00Z,,March
24.54,-113.61,2006-03-27T00:00:00Z,Thunnus,Albacore Tuna,alalunga,120404300,Fish,1204043,2004,2004-08-21T00:00:00Z,2006-04-11T00:00:00Z,,March
24.589996,-113.6,2006-03-28T00:00:00Z,Thunnus,Albacore Tuna,alalunga,120404300,Fish,1204043,2004,2004-08-21T00:00:00Z,2006-04-11T00:00:00Z,,March
24.690002,-113.6,2006-03-29T00:00:00Z,Thunnus,Albacore Tuna,alalunga,120404300,Fish,1204043,2004,2004-08-21T00:00:00Z,2006-04-11T00:00:00Z,,March
24.800003,-113.59,2006-03-30T00:00:00Z,Thunnus,Albacore Tuna,alalunga,120404300,Fish,1204043,2004,2004-08-21T00:00:00Z,2006-04-11T00:00:00Z,,March
24.940002,-113.58,2006-03-31T00:00:00Z,Thunnus,Albacore Tuna,alalunga,120404300,Fish,1204043,2004,2004-08-21T00:00:00Z,2006-04-11T00:00:00Z,,March
25.07,-113.6,2006-04-01T00:00:00Z,Thunnus,Albacore Tuna,alalunga,120404300,Fish,1204043,2004,2004-08-21T00:00:00Z,2006-04-11T00:00:00Z,,April
25.18,-113.63,2006-04-02T00:00:00Z,Thunnus,Albacore Tuna,alalunga,120404300,Fish,1204043,2004,2004-08-21T00:00:00Z,2006-04-11T00:00:00Z,,April
25.270004,-113.67,2006-04-03T00:00:00Z,Thunnus,Albacore Tuna,alalunga,120404300,Fish,1204043,2004,2004-08-21T00:00:00Z,2006-04-11T00:00:00Z,,April
25.330002,-113.73,2006-04-04T00:00:00Z,Thunnus,Albacore Tuna,alalunga,120404300,Fish,1204043,2004,2004-08-21T00:00:00Z,2006-04-11T00:00:00Z,,April
25.36,-113.79,2006-04-05T00:00:00Z,Thunnus,Albacore Tuna,alalunga,120404300,Fish,1204043,2004,2004-08-21T00:00:00Z,2006-04-11T00:00:00Z,,April
25.379997,-113.81,2006-04-06T00:00:00Z,Thunnus,Albacore Tuna,alalunga,120404300,Fish,1204043,2004,2004-08-21T00:00:00Z,2006-04-11T00:00:00Z,,April
25.370003,-113.83,2006-04-07T00:00:00Z,Thunnus,Albacore Tuna,alalunga,120404300,Fish,1204043,2004,2004-08-21T00:00:00Z,2006-04-11T00:00:00Z,,April
25.349998,-113.84,2006-04-08T00:00:00Z,Thunnus,Albacore Tuna,alalunga,120404300,Fish,1204043,2004,2004-08-21T00:00:00Z,2006-04-11T00:00:00Z,,April
25.32,-113.85,2006-04-09T00:00:00Z,Thunnus,Albacore Tuna,alalunga,120404300,Fish,1204043,2004,2004-08-21T00:00:00Z,2006-04-11T00:00:00Z,,April
25.300003,-113.87,2006-04-10T00:00:00Z,Thunnus,Albacore Tuna,alalunga,120404300,Fish,1204043,2004,2004-08-21T00:00:00Z,2006-04-11T00:00:00Z,,April
25.270004,-113.89,2006-04-11T00:00:00Z,Thunnus,Albacore Tuna,alalunga,120404300,Fish,1204043,2004,2004-08-21T00:00:00Z,2006-04-11T00:00:00Z,,April
